RAJ AANGAN EVENTS & CATERERS,,,
,Signature Dining Menu,Royal Feast,Elite Experience
,,,
Signature Welcome Refreshments,Choose Any 2,Choose Any 3,Choose Any 4
,"Royal Jaljeera Elixir (A regal blend of roasted cumin, fresh mint, and aromatic spices served as a refreshing traditional welcome drink.)","Royal Jaljeera Elixir (A regal blend of roasted cumin, fresh mint, and aromatic spices served as a refreshing traditional welcome drink.)","Royal Aloo Bukhara Elixir (A luscious blend of ripe plums crafted into a rich, tangy beverage with a refreshing royal finish.)"
,"Minted Nimbu Shikanji (Freshly squeezed lemon infused with garden mint and subtle Indian spices for a crisp, invigorating refreshment.)","Minted Nimbu Shikanji (Freshly squeezed lemon infused with garden mint and subtle Indian spices for a crisp, invigorating refreshment.)",Pomegranate Jewel Press (Freshly extracted pomegranate juice bursting with natural sweetness and vibrant antioxidants.)
,Kairi Panna Refresher (Chilled raw mango cooler delicately balanced with roasted cumin and aromatic spices for a refreshing summer classic.),Kairi Panna Refresher (Chilled raw mango cooler delicately balanced with roasted cumin and aromatic spices for a refreshing summer classic.),"Pomegranate Orchard Fusion (A delightful fusion of pomegranate and seasonal fruits, offering a perfectly balanced refreshing blend.)"
,Rose Sharbat Royale (Fragrant rose syrup blended with chilled water and basil seeds for a luxurious floral refreshment.),Rose Sharbat Royale (Fragrant rose syrup blended with chilled water and basil seeds for a luxurious floral refreshment.),"Kashmiri Apple Nectar (Premium apple juice made from carefully selected apples, delivering a naturally crisp and refreshing taste.)"
,"Masala Chaas Classic (Creamy whisked yogurt seasoned with roasted cumin, fresh herbs, and traditional Indian spices.)","Masala Chaas Classic (Creamy whisked yogurt seasoned with roasted cumin, fresh herbs, and traditional Indian spices.)","Wild Blackberry Bliss (A refreshing blackberry beverage with a rich berry flavour and a smooth, fruity finish.)"
,"Sweet Lassi Heritage (Rich, velvety yogurt blended to perfection with natural sweetness, inspired by timeless Punjabi tradition.)","Sweet Lassi Heritage (Rich, velvety yogurt blended to perfection with natural sweetness, inspired by timeless Punjabi tradition.)",Midnight Grape Essence (Fresh black grapes blended into a naturally sweet and refreshing juice with a velvety texture.)
,Jeera Buttermilk Cooler (Light buttermilk infused with roasted cumin and fresh herbs for an authentic digestive delight.),Jeera Buttermilk Cooler (Light buttermilk infused with roasted cumin and fresh herbs for an authentic digestive delight.),Desi Falsa Refresher (Traditional falsa juice offering a delightful balance of sweet and tangy flavours for a cooling experience.)
,Fresh Orange Splash (Freshly extracted orange juice bursting with natural citrus sweetness and vibrant freshness.),Fresh Orange Splash (Freshly extracted orange juice bursting with natural citrus sweetness and vibrant freshness.),"Emerald Grape Cooler (Juicy green grapes transformed into a light, refreshing cooler with a naturally crisp finish.)"
,"Pineapple Delight (Sweet, juicy pineapple blended into a refreshing tropical cooler with a smooth finish.)","Pineapple Delight (Sweet, juicy pineapple blended into a refreshing tropical cooler with a smooth tropical finish.)","Pink Guava Delight (Fresh pink guava blended into a smooth, tropical beverage bursting with natural sweetness.)"
,Mixed Fruit Refresher (A vibrant medley of seasonal fruits crafted into a naturally refreshing beverage bursting with fresh flavours.),Mixed Fruit Refresher (A vibrant medley of seasonal fruits crafted into a naturally refreshing beverage bursting with fresh flavours.),Kiwi Tropical Fusion (A vibrant blend of juicy kiwi and tropical flavours creating a refreshing exotic cooler.)
,"Fresh Watermelon Juice (A naturally refreshing juice made from ripe, juicy watermelons, served chilled to deliver a light, hydrating, and subtly sweet flavour.)","Himalayan Mint Cooler (A crisp infusion of Himalayan mint, citrus, and chilled mineral water for an exceptionally refreshing experience.)","Lychee Velvet Splash (Sweet, succulent lychees crafted into a smooth and refreshing beverage with delicate floral notes.)"
,,"Saffron Rose Elixir (An elegant blend of fragrant rose, premium saffron, and subtle sweetness for a luxurious royal indulgence.)","Alphonso Mango Indulgence (Premium Alphonso mangoes blended into a rich, velvety drink with irresistible tropical sweetness.)"
,,Green Apple Mint Refresher (Fresh green apple blended with cool mint and a hint of citrus for a vibrant and refreshing cooler.),Minted Watermelon Breeze (Refreshing watermelon infused with cool mint leaves for a light and revitalising summer cooler.)
,,,Seasonal Fruit Symphony (A vibrant medley of handpicked seasonal fruits blended into a naturally refreshing juice.)
,,,Sun-Kissed Orange Zest (Freshly squeezed oranges delivering bright citrus notes and a burst of natural freshness.)
,,,"Golden Pineapple Splash (Sweet, juicy pineapple blended into a tropical refresher with a smooth and refreshing finish.)"
,,,
,,,
Royal Shakes & Lassi Bar,Choose Any 2,Choose Any 3,Choose Any 4
,"Kesariya Lassi (Creamy yogurt blended with premium saffron for a rich, aromatic, and royally indulgent refreshment.)","Kesariya Lassi (Creamy yogurt blended with premium saffron for a rich, aromatic, and royally indulgent refreshment.)",Afghan Pista Royale (A rich and creamy shake blended with premium Afghan pistachios for a luxurious nutty indulgence.)
,Sweet Punjabi Lassi (A rich and velvety yogurt drink blended with natural sweetness in authentic Punjabi style.),Sweet Punjabi Lassi (A rich and velvety yogurt drink blended with natural sweetness in authentic Punjabi style.),Badam Bliss Shake (A smooth almond milkshake crafted with premium almonds for a wholesome and refreshing treat.)
,"Salted Mint Lassi (Refreshing yogurt infused with fresh mint, roasted cumin, and a touch of Himalayan salt.)","Salted Mint Lassi (Refreshing yogurt infused with fresh mint, roasted cumin, and a touch of Himalayan salt.)",Belgian Chocolate Indulgence (A decadent milkshake made with premium Belgian chocolate for an intensely rich cocoa experience.)
,Rose Lassi Royale (Smooth yogurt blended with fragrant rose syrup for an elegant floral indulgence.),Rose Lassi Royale (Smooth yogurt blended with fragrant rose syrup for an elegant floral indulgence.),Black Currant Velvet (A creamy shake infused with luscious black currant for a rich and fruity delight.)
,Mango Lassi (Seasonal) (Seasonal ripe mangoes blended with creamy yogurt to create a rich tropical delight.),Mango Lassi (Seasonal) (Seasonal ripe mangoes blended with creamy yogurt to create a rich tropical delight.),Chiku Cream Delight (Sweet ripe chikoo blended into a creamy milkshake with a naturally smooth finish.)
,"Dry Fruit Lassi (Luxurious yogurt blended with premium almonds, cashews, pistachios, and aromatic cardamom.)","Dry Fruit Lassi (Luxurious yogurt blended with premium almonds, cashews, pistachios, and aromatic cardamom.)","Classic Cold Coffee Frappe (A chilled blend of premium coffee and creamy milk, perfectly refreshing and energising.)"
,Kesar Pista Shake (A rich milkshake infused with saffron and premium pistachios for a royal treat.),Kesar Pista Shake (A rich milkshake infused with saffron and premium pistachios for a royal treat.),Cold Coffee Ice Cream Supreme (Rich cold coffee topped with creamy ice cream for an indulgent café-style experience.)
,"Chocolate Shake (Smooth, creamy milk blended with premium chocolate for a rich and indulgent delight.)","Chocolate Shake (Smooth, creamy milk blended with premium chocolate for a rich and indulgent delight.)",Cookie Crunch Delight (A velvety milkshake blended with crunchy cookies for a deliciously satisfying treat.)
,"Vanilla Milk Shake (A classic creamy milkshake infused with aromatic vanilla for a smooth, comforting taste.)","Vanilla Milk Shake (A classic creamy milkshake infused with aromatic vanilla for a smooth, comforting taste.)",Sitaphal Cream Shake (Fresh custard apple blended into a rich and creamy shake bursting with natural sweetness.)
,Strawberry Milk Shake (Creamy milk blended with luscious strawberries for a sweet and refreshing fruity indulgence.),Strawberry Milk Shake (Creamy milk blended with luscious strawberries for a sweet and refreshing fruity indulgence.),Dry Fruit Basundi Supreme (Traditional basundi enriched with premium dry fruits for a rich and royal dessert beverage.)
,,Belgian Chocolate Shake (An indulgent milkshake crafted with premium Belgian chocolate for an exceptionally rich cocoa experience.),Strawberry Fresh Cream Shake (Fresh strawberries blended with rich cream for a smooth and refreshing fruity indulgence.)
,,"Oreo Cream Shake (A velvety blend of creamy milk and Oreo cookies, creating a rich and delightful classic favourite.)",Kaju Anjeer Royal Blend (Premium cashews and figs blended into a luxurious shake with rich natural flavours.)
,,Caramel Almond Milk Shake (Creamy milk blended with buttery caramel and roasted almonds for a smooth gourmet indulgence.),Kaju Draksh Delight (A wholesome blend of cashews and raisins creating a rich and nourishing milkshake.)
Crafted Mocktail Infusion,Choose Any 2,Choose Any 3,Choose Any 4
,Pink Lady Refresher (A vibrant blend of citrus and berry flavours crafted into a delightfully refreshing cooler.),Pink Lady Refresher (A vibrant blend of citrus and berry flavours crafted into a delightfully refreshing cooler.),Classic Aerated Refreshers (A refreshing assortment of chilled aerated beverages served ice-cold for instant refreshment.)
,"Orange Sunrise (Fresh orange juice blended into a bright, citrusy cooler with a naturally refreshing finish.)","Orange Sunrise (Fresh orange juice blended into a bright, citrusy cooler with a naturally refreshing finish.)","Blue Lagoon Splash (A vibrant blue citrus cooler offering a crisp, refreshing, and tropical experience.)"
,Watermelon Breeze (Seasonal) (Juicy seasonal watermelon infused with cooling notes for a light and revitalising summer refresher.),Watermelon Breeze (Seasonal) (Juicy seasonal watermelon infused with cooling notes for a light and revitalising summer refresher.),Rose Sattu Cooler (Traditional roasted sattu blended with fragrant rose for a wholesome and refreshing drink.)
,"Kiwi Mint Cooler (Exotic kiwi blended with fresh mint for a crisp, refreshing, and tropical delight.)","Kiwi Mint Cooler (Exotic kiwi blended with fresh mint for a crisp, refreshing, and tropical delight.)",Fresh Lime Sparkler (Freshly squeezed lime blended with sparkling soda for a crisp and zesty cooler.)
,"Lychee Sparkle (Sweet lychee flavours combined into a refreshing cooler with a smooth, fruity finish.)","Lychee Sparkle (Sweet lychee flavours combined into a refreshing cooler with a smooth, fruity finish.)",Tropical Fruit Punch (A vibrant medley of tropical fruits crafted into a refreshing and flavourful punch.)
,Cranberry Cooler (Tangy cranberry blended into a refreshing beverage with a perfectly balanced sweet-tart taste.),Cranberry Cooler (Tangy cranberry blended into a refreshing beverage with a perfectly balanced sweet-tart taste.),Green Island Refresher (A refreshing blend of citrus and mint with vibrant tropical notes.)
,Pineapple Ginger Fizz (Juicy pineapple infused with a hint of ginger for a vibrant tropical cooler.),Pineapple Ginger Fizz (Juicy pineapple infused with a hint of ginger for a vibrant tropical cooler.),Emerald River Cooler (A cool green citrus beverage with refreshing herbal undertones and a smooth finish.)
,"Virgin Mary (A savoury blend of fresh tomato juice, herbs, and spices served as a classic non-alcoholic mocktail.)","Virgin Mary (A savoury blend of fresh tomato juice, herbs, and spices served as a classic non-alcoholic mocktail.)",Hawaiian Beach Delight (A tropical fusion of exotic fruit flavours inspired by refreshing island breezes.)
,"Cucumber Mint Refresher (Fresh cucumber and mint combined into a crisp, cooling beverage for ultimate refreshment.)","Cucumber Mint Refresher (Fresh cucumber and mint combined into a crisp, cooling beverage for ultimate refreshment.)",Ice on Fire Fusion (A bold fusion of cooling mint and lively citrus delivering an exciting flavour experience.)
,"Jamun Twist (Seasonal) (Seasonal jamun blended into a tangy, refreshing cooler bursting with rich fruity flavours.)","Jamun Twist (Seasonal) (Seasonal jamun blended into a tangy, refreshing cooler bursting with rich fruity flavours.)","Kala Khatta Chill (A tangy Indian black berry cooler with a sweet, spicy, and refreshing finish.)"
,,Passion Fruit Paradise (Exotic passion fruit blended into a vibrant tropical cooler with a refreshing citrus finish.),Kiwi Blossom Cooler (Exotic kiwi blended into a refreshing tropical beverage with a smooth fruity taste.)
,,"Tropical Sunset (A refreshing fusion of tropical fruits offering a smooth, colourful, and exotic indulgence.)",Kiwi Mint Mojito (Fresh kiwi and mint combined with sparkling soda for a crisp mojito-style cooler.)
,,"Berry Basil Sparkler (A delightful blend of mixed berries and fresh basil creating a sophisticated, refreshing cooler.)",Lavender Mint Mojito (Delicate lavender infused with fresh mint for an elegant and refreshing mocktail.)
,,,Classic Lemon Iced Tea (Refreshing black tea infused with fresh lemon for a perfectly balanced cooler.)
,,,Lychee Cordial Refresher (Sweet lychee cordial blended into a smooth and refreshing tropical beverage.)
,,,Lychee Lime Float (A refreshing blend of juicy lychee and zesty lime with a crisp finish.)
,,,Masala Soda Twist (Sparkling soda infused with Indian spices and fresh lime for a refreshing classic.)
,,,Midnight Beauty Cooler (A rich berry-inspired cooler with deep fruity flavours and a refreshing finish.)
,,,Mint Iced Tea Refresher (Classic iced tea infused with fresh mint for a cool and revitalising beverage.)
,,,Tender Coconut Hydrator (Naturally refreshing tender coconut water served fresh for pure tropical hydration.)
,,,Orange Blossom Spritz (A fragrant orange-infused cooler with delicate floral notes and citrus freshness.)
,,,"Orange Citrus Splash (Fresh orange flavours blended into a bright, zesty, and refreshing cooler.)"
,,,Peach Pina Colada Delight (A creamy tropical blend of peach and coconut with a smooth island-inspired finish.)
,,,Classic Pina Colada (A rich and creamy fusion of pineapple and coconut creating a timeless tropical favourite.)
,,,Pink Panther Punch (A vibrant fruity cooler with a refreshing blend of sweet berries and citrus flavours.)
,,,
,,,
Warm Infusions,Choose Any 2,Choose Any 2,Choose Any 4
,Masala Chai (A traditional Indian tea brewed with aromatic spices and premium tea leaves for a comforting experience.),Masala Chai (A traditional Indian tea brewed with aromatic spices and premium tea leaves for a comforting experience.),"Classic Brewed Coffee (Freshly brewed premium coffee offering a rich aroma and a smooth, satisfying finish.)"
,Elaichi Chai (Rich Indian tea delicately infused with fragrant cardamom for a smooth and refreshing flavour.),Elaichi Chai (Rich Indian tea delicately infused with fragrant cardamom for a smooth and refreshing flavour.),"Caffè Americano Classic (Bold espresso blended with hot water for a smooth, full-bodied coffee experience.)"
,"Adrak Chai (Fresh ginger brewed with premium tea leaves, offering a warm and invigorating cup.)","Adrak Chai (Fresh ginger brewed with premium tea leaves, offering a warm and invigorating cup.)",Caffè Latte Supreme (Velvety espresso combined with steamed milk for a rich and creamy indulgence.)
,"Tulsi Ginger Tea (A soothing blend of holy basil and fresh ginger, crafted for warmth and wellness.)","Tulsi Ginger Tea (A soothing blend of holy basil and fresh ginger, crafted for warmth and wellness.)","Cappuccino Velvet (A perfect harmony of espresso, steamed milk, and silky foam with a luxurious finish.)"
,Lemon Honey Tea (A refreshing infusion of lemon and natural honey in warm tea for a revitalising beverage.),Lemon Honey Tea (A refreshing infusion of lemon and natural honey in warm tea for a revitalising beverage.),Café Hut Signature Blend (A specially crafted house blend delivering a rich aroma and distinctive coffee flavour.)
,"Green Tea (Premium green tea leaves brewed to perfection, delivering a light and refreshing taste.)","Green Tea (Premium green tea leaves brewed to perfection, delivering a light and refreshing taste.)",Espresso Intense Shot (A concentrated shot of premium espresso with a bold aroma and robust character.)
,"Kashmiri Kahwa (An aromatic Kashmiri green tea infused with saffron, almonds, and exotic spices.)","Kashmiri Kahwa (An aromatic Kashmiri green tea infused with saffron, almonds, and exotic spices.)",Espresso Macchiato Classic (Rich espresso topped with a touch of velvety milk foam for a balanced finish.)
,"Saffron Almond Milk (Warm, creamy milk enriched with premium saffron and almonds for a royal indulgence.)","Saffron Almond Milk (Warm, creamy milk enriched with premium saffron and almonds for a royal indulgence.)",Kesar Dry Fruit Kadai Milk Royale (Traditional kadai milk enriched with saffron and premium dry fruits for a royal indulgence.)
,"Hot Chocolate Delight (Rich, velvety hot chocolate crafted with premium cocoa for a luxurious treat.)","Hot Chocolate Delight (Rich, velvety hot chocolate crafted with premium cocoa for a luxurious treat.)",Khajoor Infused Kadai Milk (Rich slow-cooked milk blended with natural dates for a wholesome and flavourful delight.)
,South Indian Filter Coffee (Authentic slow-brewed filter coffee with a rich aroma and perfectly balanced flavour.),South Indian Filter Coffee (Authentic slow-brewed filter coffee with a rich aroma and perfectly balanced flavour.),"Munacca Rich Kadai Milk (Creamy kadai milk infused with premium munacca, offering a rich and nourishing beverage.)"
,,"Cinnamon Spice Tea (Premium tea infused with aromatic cinnamon for a warm, comforting, and flavourful cup.)",Chilled Coffee Creations (An assortment of refreshing cold coffee specialities crafted for a smooth and indulgent experience.)
,,"Espresso Italiano (A bold and aromatic shot of premium coffee, brewed in authentic Italian style.)",Signature Hot Coffee Selection (A curated selection of premium hot coffees brewed to satisfy every coffee lover.)
,,Café Latte (Smooth espresso blended with velvety steamed milk for a rich and creamy coffee experience.),Handi Brewed Heritage Tea (Traditional tea slow-brewed in an earthen handi for an authentic and aromatic flavour.)
,,,"Marwadi Handi Tea Special (An authentic Marwadi-style handi tea, slow-cooked for a rich, robust, and traditional taste.)"
,,,Tandoori Smoked Chai (Classic masala tea infused with a signature smoky tandoori aroma for a unique experience.)
,,,"Kashmiri Kahwa Elixir (An elegant infusion of Kashmiri green tea, saffron, almonds, and aromatic spices.)"
,,,
,,,
Royal Soup Atelier,Choose Any 2,Choose Any 3,Choose Any 4
,Tomato Dhaniya Shorba (A comforting tomato broth infused with fresh coriander and delicate Indian spices.),Tomato Dhaniya Shorba (A comforting tomato broth infused with fresh coriander and delicate Indian spices.),"Almond Garden Velouté (A velvety blend of fresh vegetables and roasted almonds, creating a rich and nourishing soup.)"
,Sweet Corn Royale (A rich and creamy sweet corn soup prepared with tender kernels and subtle seasonings.),Sweet Corn Royale (A rich and creamy sweet corn soup prepared with tender kernels and subtle seasonings.),Sweet Corn Royale (A rich and creamy sweet corn soup prepared with tender kernels and subtle seasonings.)
,"Vegetable Clear Soup (A light, nourishing broth with fresh vegetables and delicate aromatic herbs.)","Vegetable Clear Soup (A light, nourishing broth with fresh vegetables and delicate aromatic herbs.)",Asian Greens Infusion (A light and flavourful soup featuring fresh Asian greens in a delicate aromatic broth.)
,Hot & Sour Vegetable Soup (A vibrant blend of fresh vegetables balanced with tangy and spicy flavours.),Hot & Sour Vegetable Soup (A vibrant blend of fresh vegetables balanced with tangy and spicy flavours.),"Asparagus Corn Essence (Tender asparagus and sweet corn blended into a smooth, wholesome gourmet soup.)"
,Lemon Coriander Soup (A refreshing soup infused with fresh coriander and a hint of zesty lemon.),Lemon Coriander Soup (A refreshing soup infused with fresh coriander and a hint of zesty lemon.),Broccoli Spinach Velouté (A creamy blend of fresh broccoli and spinach with a luxuriously smooth finish.)
,Palak Shorba (A velvety spinach soup delicately seasoned with traditional Indian spices.),Palak Shorba (A velvety spinach soup delicately seasoned with traditional Indian spices.),Burmese Khao Suey Bowl (A comforting Burmese coconut broth served with authentic flavours and delightful accompaniments.)
,Green Peas Soup (A smooth and creamy soup crafted from tender green peas with subtle herbs.),Green Peas Soup (A smooth and creamy soup crafted from tender green peas with subtle herbs.),"Carrot Orange Elixir (A vibrant blend of sweet carrots and fresh orange, offering a refreshing gourmet soup.)"
,Creamy Tomato Soup (Rich tomato soup finished with fresh cream for a smooth and comforting taste.),Creamy Tomato Soup (Rich tomato soup finished with fresh cream for a smooth and comforting taste.),"Spinach Cream Delight (Creamy spinach soup delicately seasoned for a rich, velvety, and comforting taste.)"
,Manchow Vegetable Soup (A spicy Indo-Chinese vegetable soup served with crispy fried noodles.),Manchow Vegetable Soup (A spicy Indo-Chinese vegetable soup served with crispy fried noodles.),Tomato Velvet Cream (A smooth tomato soup enriched with fresh cream for a luxurious finish.)
,Dal Pudina Shorba (A flavourful lentil broth infused with fresh mint and aromatic Indian spices.),Dal Pudina Shorba (A flavourful lentil broth infused with fresh mint and aromatic Indian spices.),Pudina Dal Shorba (A flavourful lentil broth infused with fresh mint and aromatic Indian spices.)
,,Cream of Mushroom Cappuccino (A velvety mushroom soup finished with a creamy froth for a refined gourmet experience.),Green Pea Silk Soup (A silky smooth soup crafted from tender green peas with subtle herbs.)
,,Roasted Pumpkin Soup (Slow-roasted pumpkin blended into a silky soup with delicate herbs and warm spices.),Hot & Sour Oriental Broth (A vibrant Oriental soup balancing bold spicy and tangy flavours with fresh vegetables.)
1,,"Broccoli Almond Velouté (A luxurious blend of fresh broccoli and roasted almonds, finished with a smooth velvety texture.)",Lauki Shorba Essence (A light and nourishing bottle gourd soup delicately flavoured with traditional spices.)
,,,"Minestrone Italiano (A classic Italian vegetable soup featuring seasonal vegetables, herbs, and rich tomato broth.)"
,,,"South Indian Rasam Classic (A traditional South Indian spiced broth infused with tamarind, tomatoes, and aromatic spices.)"
,,,Tamatar Dhaniya Shorba (A comforting tomato broth infused with fresh coriander and delicate Indian spices.)
,,,"Thai Clear Herbal Broth (A fragrant Thai-style clear soup infused with herbs, vegetables, and refreshing citrus notes.)"
,,,"Tom Yum Exotic Broth (A classic Thai soup with aromatic herbs, tangy flavours, and a refreshing spicy finish.)"
,,,Tomato Basil Infusion (A smooth tomato soup delicately enhanced with fragrant basil and aromatic herbs.)
,,,Tomato Coriander Shorba (A flavourful tomato broth infused with fresh coriander and traditional Indian seasonings.)
,,,"Tomato Rasam Fusion (A vibrant fusion of tomato and South Indian rasam spices, offering a warm and tangy delight.)"
,,,
,,,
,,,
Appetizers,Choose Any 4,Choose Any 6,Choose Any 8
,Angara Paneer Tikka (Cottage cheese marinated in smoky spices and charcoal-grilled to perfection.),Angara Paneer Tikka (Cottage cheese marinated in smoky spices and charcoal-grilled to perfection.),Ancient Chilli Paneer Bites (Crispy paneer tossed in a bold chilli sauce with aromatic Oriental seasonings.)
,"Haryali Paneer Tikka (Soft paneer marinated with fresh mint, coriander, and aromatic herbs.)","Haryali Paneer Tikka (Soft paneer marinated with fresh mint, coriander, and aromatic herbs.)",Burnt Chilli Cottage Cheese Cubes (Smoky paneer cubes glazed with burnt chilli flavours for a fiery gourmet experience.)
,Veg Seekh Kebab (A flavourful blend of vegetables and spices grilled on skewers for a smoky finish.),Veg Seekh Kebab (A flavourful blend of vegetables and spices grilled on skewers for a smoky finish.),Crispy Chilli Baby Corn (Golden baby corn tossed in spicy chilli sauce with a delightful crispy texture.)
,Hara Bhara Kebab (A wholesome spinach and green pea kebab with a crisp golden exterior.),Hara Bhara Kebab (A wholesome spinach and green pea kebab with a crisp golden exterior.),Chilli Tofu Dumpling Fusion (Soft tofu and green vegetable dumplings tossed in a flavourful chilli glaze.)
,Crispy Baby Corn (Golden-fried baby corn tossed with subtle seasonings for a crunchy delight.),Crispy Baby Corn (Golden-fried baby corn tossed with subtle seasonings for a crunchy delight.),Oriental Cigar Rolls (Crispy rolls filled with seasoned vegetables and authentic Oriental flavours.)
,Paneer Pakoda (Soft cottage cheese coated in spiced gram flour batter and fried until golden.),Paneer Pakoda (Soft cottage cheese coated in spiced gram flour batter and fried until golden.),Crispy Spaghetti Rolls (Crunchy rolls stuffed with seasoned spaghetti and vegetables for a unique fusion bite.)
,"Mini Dal Kachori (Crispy bite-sized pastry stuffed with spiced lentil filling, inspired by traditional flavours.)","Mini Dal Kachori (Crispy bite-sized pastry stuffed with spiced lentil filling, inspired by traditional flavours.)",Golden Spring Rolls (Delicate pastry rolls filled with fresh vegetables and fried until perfectly golden.)
,Matar Samosa (Golden pastry filled with seasoned green peas and aromatic Indian spices.),Matar Samosa (Golden pastry filled with seasoned green peas and aromatic Indian spices.),Crispy Corn Spinach Dumplings (Golden dumplings filled with sweet corn and spinach for a crunchy delight.)
,Tandoori Aloo (Baby potatoes marinated in traditional spices and roasted in the tandoor.),Tandoori Aloo (Baby potatoes marinated in traditional spices and roasted in the tandoor.),Classic Dry Manchurian (Crispy vegetable dumplings tossed in a savoury Indo-Chinese seasoning.)
,"Veg Cutlet Royale (A crisp vegetable cutlet prepared with fresh vegetables, herbs, and aromatic spices.)","Veg Cutlet Royale (A crisp vegetable cutlet prepared with fresh vegetables, herbs, and aromatic spices.)",Golden Fried Baby Corn (Lightly battered baby corn fried to a crisp golden perfection.)
,Achari Paneer Tikka (Paneer marinated with traditional pickling spices for a tangy tandoori delicacy.),Achari Paneer Tikka (Paneer marinated with traditional pickling spices for a tangy tandoori delicacy.),Honey Chilli Cauliflower Bites (Crispy cauliflower florets coated in a sweet and spicy honey chilli glaze.)
,"Malai Paneer Tikka (Creamy paneer marinated with fresh cream, cheese, and delicate spices.)","Malai Paneer Tikka (Creamy paneer marinated with fresh cream, cheese, and delicate spices.)",Japanese Tempura Crisp (Seasonal vegetables coated in delicate tempura batter and fried to light crispness.)
,Tandoori Mushroom (Juicy mushrooms marinated in aromatic spices and chargrilled in the tandoor.),Tandoori Mushroom (Juicy mushrooms marinated in aromatic spices and chargrilled in the tandoor.),"Salt & Pepper Mushroom Toss (Juicy mushrooms tossed with cracked pepper, herbs, and Oriental seasonings.)"
,Stuffed Tandoori Mushroom (Mushrooms filled with a rich savoury stuffing and grilled to perfection.),Stuffed Tandoori Mushroom (Mushrooms filled with a rich savoury stuffing and grilled to perfection.),Sesame Chilli Potato Bites (Crispy potato wedges glazed with chilli sauce and toasted sesame seeds.)
,Dahi Ke Sholey (Crispy rolls stuffed with a creamy hung curd filling and mild Indian spices.),Dahi Ke Sholey (Crispy rolls stuffed with a creamy hung curd filling and mild Indian spices.),Thai Corn Fritter Bites (Golden corn fritters infused with authentic Thai herbs and aromatic spices.)
,Corn Cheese Balls (Golden-fried bites of sweet corn and melted cheese with a crispy crust.),Corn Cheese Balls (Golden-fried bites of sweet corn and melted cheese with a crispy crust.),Thai Spiced Tofu Cubes (Soft tofu tossed with fragrant Thai herbs and exotic spices.)
,Cheese Chilli Cigar Rolls (Crispy rolls filled with creamy cheese and mildly spiced vegetables.),Cheese Chilli Cigar Rolls (Crispy rolls filled with creamy cheese and mildly spiced vegetables.),Sweet Chilli Potato Toss (Crispy potatoes coated in a sweet chilli glaze with a hint of spice.)
,Crispy Vegetable Spring Rolls (Thin pastry rolls stuffed with seasoned vegetables and fried until perfectly crisp.),Crispy Vegetable Spring Rolls (Thin pastry rolls stuffed with seasoned vegetables and fried until perfectly crisp.),Veg Salt & Pepper Toss (Crisp seasonal vegetables seasoned with cracked pepper and aromatic spices.)
,Vegetable Manchurian Dry (Crispy vegetable dumplings tossed in a flavourful Indo-Chinese sauce with aromatic seasonings.),Vegetable Manchurian Dry (Crispy vegetable dumplings tossed in a flavourful Indo-Chinese sauce with aromatic seasonings.),Steamed Vegetable Dim Sum (Delicate handcrafted dumplings filled with finely seasoned fresh vegetables.)
,Cheese Stuffed Jalapeno Poppers,Cheese Stuffed Jalapeño Poppers (Spicy jalapeños filled with creamy cheese and coated in a crisp golden crust.),Vietnamese Rice Roll Wraps (Light rice paper rolls filled with crisp vegetables and fresh herbs.)
,,"Spinach Corn Tikki (A delicious blend of spinach and sweet corn, pan-fried to a golden finish.)",Bok Choy Chestnut Dumplings (Steamed dumplings filled with crunchy water chestnuts and tender bok choy.)
,,Masala Cheese Croquettes (Crispy croquettes filled with melted cheese and delicately spiced potato.),24 Carat Truffle Mousse Bites (Luxurious truffle mousse crafted into elegant bite-sized gourmet appetisers.)
,,Crispy Lotus Stem (Thinly sliced lotus stem fried until crisp and tossed with flavourful seasonings.),Baingan Bharta Cornetto Delight (Smoky roasted eggplant served in a crisp cornetto for a creative presentation.)
,,Paneer 65 (Crispy paneer cubes tossed in a spicy South Indian-style seasoning for a bold flavour.),Beetroot Royal Tikki (A vibrant beetroot patty delicately spiced and pan-seared until golden.)
,,Tandoori Broccoli (Fresh broccoli florets marinated in creamy spices and roasted in the traditional tandoor.),Papad Pesto Paneer Roll (Crispy papad rolls filled with basil pesto and creamy paneer.)
,,,Dal Makhani Fondue Pot (Creamy Dal Makhani served fondue-style with artisan accompaniments.)
,,,Green Apple Fusion Tikki (A unique tikki blending tart green apples with aromatic Indian spices.)
,,,"Kaffir Lime Pav & Ricotta Vada (Ricotta vada infused with kaffir lime, served with soft pav for a modern twist.)"
,,,Paneer Khurchan Golgappa Shots (Crisp golgappas filled with flavourful paneer khurchan for an exciting fusion bite.)
,,,"Panko Achari Mirchi Crisp (Pickled chillies stuffed and coated with panko crumbs, fried to golden perfection.)"
,,,Pav Bhaji Fondue Delight (Classic Mumbai pav bhaji presented as a rich and interactive fondue experience.)
,,,Polenta Malai Corn Crunch (Creamy malai corn coated with crisp polenta for a delightful gourmet bite.)
,,,Kathal Taco Fusion (Tender pulled jackfruit served in soft tacos with vibrant Indian-inspired flavours.)
,,,Deconstructed Paneer Pasanda (A contemporary interpretation of the classic Paneer Pasanda with elegant presentation.)
,,,Tofu Coriander Vadai Bites (Crispy tofu and coriander vadai crafted into flavourful bite-sized appetisers.)
,,,
,,,
The Great Indian Chaat Darbar,Choose Any 6,Choose Any 7,Choose Any 10
,"Raj Kachori Royale (A giant crispy kachori filled with savoury toppings, yogurt, chutneys, and fresh spices.)","Italian Pasta Atelier (Freshly cooked penne and fusilli tossed in your choice of Alfredo, Arrabbiata, or Pink Sauce with garden-fresh vegetables, herbs, and premium cheese.)","Jeweled Crisp Tokri Chaat (A crispy edible basket filled with vibrant vegetables, yogurt, chutneys, and crunchy toppings.)"
,"Jaipur Pyaaz Kachori Chaat (Traditional Rajasthani onion kachori topped with yogurt, chutneys, and flavourful spices.)","Wood-Fired Pizza Studio (Hand-stretched pizzas baked live with mozzarella cheese, colourful vegetables, and authentic Italian herbs on a crisp golden crust.)","Imperial Raj Kachori Chaat (A grand crispy kachori generously filled with savoury delights, yogurt, and signature chutneys.)"
,"Dilli Papdi Chaat (Crispy papdi layered with yogurt, tangy chutneys, and aromatic Indian spices.)","South Indian Dosa Pavilion (Freshly prepared crispy dosas served with traditional sambar, coconut chutney, tomato chutney, and a selection of delicious fillings.)","Heritage Papdi Chaat (Golden crisp papdi layered with creamy yogurt, tangy chutneys, and aromatic spices.)"
,Dahi Bhalla Supreme (Soft lentil dumplings immersed in creamy yogurt and topped with sweet and spicy chutneys.),"Oriental Chowmein Wok (Fresh noodles stir-fried live with crisp vegetables, aromatic sauces, and authentic Indo-Chinese flavours.)",Awadhi Dahi Bhalla (Soft lentil dumplings immersed in silky yogurt and finished with traditional Awadhi flavours.)
,"Lucknowi Aloo Tikki Chaat (Golden potato patties served with yogurt, chutneys, and authentic Lucknowi flavours.)","Raj Kachori Royale (A giant crispy kachori generously filled with savoury delights, yogurt, chutneys, and fresh garnishes.)","Artisan Dahi Puri (Crispy puris filled with potatoes, yogurt, chutneys, and fresh herbs for a delightful bite.)"
,Banarasi Tamatar Chaat (A Banaras speciality featuring tangy spiced tomatoes with traditional seasonings.),"Jaipur Pyaaz Kachori Chaat (Traditional onion kachori topped with creamy yogurt, tangy chutneys, and aromatic spices.)","Kashi Flavoured Pani Puri (Crisp puris served with tangy, spiced flavoured water inspired by the streets of Kashi.)"
,Banarasi Matar Chaat (Slow-cooked white peas tossed with aromatic spices and fresh garnishes.),"Dilli Papdi Chaat (Crispy papdi layered with yogurt, sweet and tangy chutneys, and crunchy toppings.)","Lucknowi Aloo Tikki Chaat (Golden potato patties served with yogurt, chutneys, and authentic Awadhi spices.)"
,"Basket Chaat (A crispy edible basket filled with fresh vegetables, yogurt, chutneys, and crunchy toppings.)",Dahi Bhalla Supreme (Soft lentil dumplings immersed in creamy yogurt and finished with signature chutneys.),Chole Tikki Symphony (Crispy potato tikki paired with richly spiced chickpeas and vibrant chutneys.)
,"Mumbai Bhel Puri (A refreshing blend of puffed rice, vegetables, chutneys, and crunchy sev.)","Lucknowi Aloo Tikki Chaat (Golden potato patties served with yogurt, chutneys, and authentic Awadhi flavours.)",Banarasi Tomato Chaat (A famous Banaras speciality of tangy tomatoes cooked with aromatic spices.)
,"Sev Puri (Crispy puris topped with potatoes, chutneys, onions, and generous sev.)",Banarasi Tamatar Chaat (A famous Banaras delicacy featuring tangy tomatoes cooked with traditional spices.),Banaras White Pea Chaat (Slow-cooked white peas tossed with fresh herbs and traditional Indian seasonings.)
,"Dahi Sev Puri (Crunchy puris layered with creamy yogurt, chutneys, and crispy sev.)",Banarasi Matar Chaat (Slow-cooked white peas tossed with aromatic spices and fresh herbs.),Earthen Kulhad Chaat (A flavourful chaat served in traditional earthen kulhads for an authentic rustic experience.)
,Ragda Pattice (Crispy potato patties served with flavourful white pea curry and tangy chutneys.),"Basket Chaat (A crispy edible basket filled with fresh vegetables, yogurt, chutneys, and crunchy garnishes.)",Agra Bedai Kachori Chaat (Classic Bedai Kachori served with spicy potato curry and traditional accompaniments.)
,Kolkata Ghugni Chaat (Traditional Bengali yellow peas curry garnished with fresh herbs and spices.),"Mumbai Bhel Puri (A delightful mix of puffed rice, vegetables, chutneys, and crispy sev.)",Tangy Arbi Kachalu Chaat (Tender colocasia tossed with zesty spices and fresh herbs for a tangy delight.)
,"Jhal Muri (A classic Kolkata street snack of puffed rice tossed with mustard oil, vegetables, and spices.)","Sev Puri (Crunchy puris topped with potatoes, onions, chutneys, and generous sev.)","Mughlai Paneer Tikka Chaat (Smoky paneer tikka served with yogurt, chutneys, and royal Mughlai flavours.)"
,Amritsari Chole Tikki (Crispy potato tikki served with spicy Punjabi chole and vibrant chutneys.),"Dahi Sev Puri (Crispy puris layered with creamy yogurt, sweet chutneys, and crunchy sev.)","Nawabi Samosa Chaat (Crispy samosa topped with spicy chickpeas, yogurt, and signature chutneys.)"
,Chole Kulche (Soft kulchas served with richly spiced Punjabi chickpea curry and accompaniments.),Ragda Pattice (Golden potato patties served with flavourful white pea curry and tangy chutneys.),"Shahi Palak Patta Chaat (Golden spinach leaves layered with creamy yogurt, chutneys, and premium garnishes.)"
,"Indori Palak Patta Chaat (Crispy spinach leaves topped with yogurt, chutneys, and crunchy garnishes.)",Kolkata Ghugni Chaat (Traditional Bengali yellow peas curry delicately seasoned with fresh herbs and spices.),Delhi Matar Kulcha (Soft kulchas served with flavourful white peas and traditional Delhi spices.)
,"Khaman Chaat (Soft Gujarati khaman enhanced with chutneys, fresh herbs, and savoury toppings.)","Jhal Muri (A classic Kolkata street snack of puffed rice tossed with mustard oil, vegetables, and spices.)",Purani Dilli Kulle Chaat (Fresh seasonal fruits and vegetables filled with tangy chaat masala in Old Delhi style.)
,Kanji Vada (Soft lentil vadas soaked in tangy fermented mustard-flavoured kanji for a traditional delight.),Amritsari Chole Tikki (Crispy potato tikki paired with spicy Punjabi chole and vibrant chutneys.),Ram Ladoo Chaat (Golden moong dal fritters served with grated radish and mint chutney.)
,"Samosa Chaat (Crispy samosa topped with chole, yogurt, chutneys, and aromatic Indian spices.)",Chole Kulche (Soft kulchas served with richly spiced chickpea curry and traditional accompaniments.),"Daulat Ki Chaat (A delicate, airy milk froth dessert delicately flavoured with saffron and dry fruits.)"
,"Italian Pasta Atelier (Freshly cooked penne and fusilli tossed in rich Alfredo, Arrabbiata, or Pink Sauce with garden-fresh vegetables, herbs, and premium cheese.)","Indori Palak Patta Chaat (Crispy spinach leaves topped with yogurt, chutneys, and crunchy masala garnishes.)",Kolkata Royal Puchka (Crispy puchkas filled with spiced potatoes and tangy tamarind water in authentic Kolkata style.)
,"Wood-Fired Pizza Studio (Hand-stretched pizzas baked live with mozzarella cheese, garden vegetables, and authentic Italian herbs on a crisp golden crust.)","Khaman Chaat (Soft Gujarati khaman enhanced with fresh herbs, chutneys, and savoury toppings.)",Dakshin Masala Idli Chaat (Soft idli cubes tossed with South Indian spices and flavourful chutneys.)
,"South Indian Dosa Pavilion (Freshly prepared crispy dosas served with traditional sambar, coconut chutney, tomato chutney, and a selection of delicious fillings.)",Kanji Vada (Soft lentil vadas soaked in tangy fermented mustard-flavoured kanji for an authentic taste.),Kuzhi Paniyaram Chaat (Golden South Indian paniyarams served with tangy chutneys and aromatic seasonings.)
,,"Samosa Chaat (Crispy samosa served with chole, yogurt, chutneys, and aromatic Indian spices.)","Dahi Idli Chaat (Soft idlis topped with chilled yogurt, chutneys, and fresh herbs.)"
,,"Palak Chaat Royale (Crispy spinach leaves layered with creamy yogurt, tangy chutneys, and premium garnishes.)",Crisp Dosa Chaat Fusion (Crunchy dosa bites creatively paired with chaat flavours for a unique fusion experience.)
,,"Dahi Gujiya Chaat (Crispy savoury gujiyas topped with chilled yogurt, chutneys, and fresh herbs.)","Sweet Potato Wellness Chaat (Roasted sweet potatoes tossed with herbs, lemon, and wholesome Indian spices.)"
,,"Corn Chaat Mexicana (Sweet corn tossed with colourful vegetables, herbs, and zesty Mexican-inspired seasonings.)","Mediterranean Chickpea Chaat (A refreshing blend of chickpeas, olives, herbs, and citrus-inspired flavours.)"
,,,"Makhana Mint Chaat (Roasted fox nuts tossed with fresh mint, herbs, and aromatic Indian seasonings.)"
,,,"Quinoa Crunch Chaat Bowl (Nutritious quinoa blended with fresh vegetables, herbs, and tangy chaat flavours.)"
,,,"Avocado Citrus Chaat Delight (Creamy avocado paired with citrus, fresh herbs, and signature Indian spices for a modern gourmet chaat.)"
,,,
,,,
The World Plate Collection,N/A,N/A,Choose Any 2
,,,"Italian Culinary Experience (A live station showcasing authentic Italian classics, handcrafted with premium ingredients and rich Mediterranean flavours.)"
,,,"Oriental Culinary Experience (Chinese & Pan-Asian) (A vibrant selection of Chinese and Pan-Asian delicacies prepared live with authentic sauces, herbs, and spices.)"
,,,"Thai Culinary Experience (An exquisite live kitchen serving aromatic Thai specialities with fragrant herbs, coconut, and bold exotic flavours.)"
,,,"Lebanese Culinary Experience (A refined spread of authentic Lebanese favourites featuring fresh mezze, grilled delicacies, and Middle Eastern spices.)"
,,,Japanese Culinary Experience (A sophisticated live counter offering authentic Japanese delicacies crafted with precision and premium ingredients.)
,,,Burmese Khao Suey Atelier (A live gourmet station serving rich Burmese Khao Suey with an array of traditional toppings and accompaniments.)
,,,"European Baked Indulgence (An elegant selection of freshly baked European specialities, featuring artisanal breads, savoury bakes, and gourmet delights.)"
,,,
,,,
The Regal Green and Global Salad Symphony,Choose Any 10,Choose Any 15,Choose Any 25
,Green Garden Salad (A refreshing medley of crisp garden-fresh vegetables with a light and vibrant finish.),Green Garden Salad (A refreshing medley of crisp garden-fresh vegetables with a light and vibrant finish.),"Royal Garden Harvest Salad (A vibrant medley of farm-fresh greens, seasonal vegetables, and light herb dressing)"
,"Onion Laccha (Thinly sliced onions seasoned with fresh herbs, lemon, and traditional spices.)","Onion Laccha (Thinly sliced onions seasoned with fresh herbs, lemon, and traditional spices.)","Mediterranean Pearl Couscous Salad (Fluffy couscous tossed with olives, herbs, vegetables, and citrus dressing)"
,"Cucumber Spears (Fresh, chilled cucumber spears served for a crisp and refreshing accompaniment.)","Cucumber Spears (Fresh, chilled cucumber spears served for a crisp and refreshing accompaniment.)",Exotic Fruit & Nut Symphony Salad (Seasonal fruits paired with toasted nuts and a hint of honey glaze)
,Tomato Rings (Juicy tomato slices elegantly presented with subtle seasoning and fresh herbs.),Tomato Rings (Juicy tomato slices elegantly presented with subtle seasoning and fresh herbs.),Truffle Infused Wild Mushroom Salad (Sautéed mushrooms enhanced with delicate truffle essence and herbs)
,Beetroot Slices (Tender beetroot slices offering natural sweetness and vibrant colour.),Beetroot Slices (Tender beetroot slices offering natural sweetness and vibrant colour.),Burrata & Heirloom Tomato Elegance (Creamy burrata paired with heirloom tomatoes and basil drizzle)
,"Carrot Juliennes (Fresh carrot strips served crisp, adding colour and wholesome freshness.)","Carrot Juliennes (Fresh carrot strips served crisp, adding colour and wholesome freshness.)","Classic Caesar Royale Salad (Crisp lettuce with parmesan, croutons, and rich Caesar dressing)"
,Radish Salad (Crunchy radish slices delicately seasoned for a refreshing palate cleanser.),Radish Salad (Crunchy radish slices delicately seasoned for a refreshing palate cleanser.),Avocado Citrus Luxe Salad (Creamy avocado balanced with zesty citrus and fresh greens)
,Sprout Salad (A nutritious blend of fresh sprouts tossed with herbs and zesty seasonings.),Sprout Salad (A nutritious blend of fresh sprouts tossed with herbs and zesty seasonings.),"Greek Feta & Olive Heritage Salad (Feta cheese with olives, cucumber, and Mediterranean dressing)"
,Cabbage Slaw (Finely shredded cabbage mixed with a light dressing for a crisp and refreshing bite.),Cabbage Slaw (Finely shredded cabbage mixed with a light dressing for a crisp and refreshing bite.),Asian Sesame Crunch Salad (Crisp vegetables tossed in a nutty sesame dressing with a crunchy finish)
,"Kachumber Salad (A traditional mix of cucumber, onion, tomato, and fresh herbs with a hint of lemon.)","Kachumber Salad (A traditional mix of cucumber, onion, tomato, and fresh herbs with a hint of lemon.)",Quinoa & Roasted Vegetable Delight (Protein-rich quinoa combined with slow-roasted seasonal vegetables)
,"Russian Salad (A creamy blend of fresh vegetables and fruits in a rich, classic dressing.)","Russian Salad (A creamy blend of fresh vegetables and fruits in a rich, classic dressing.)","Watermelon Feta Mint Refresher (Juicy watermelon with feta, mint, and a refreshing light dressing)"
,"Greek Salad (A Mediterranean favourite with crisp vegetables, olives, feta cheese, and herb dressing.)","Greek Salad (A Mediterranean favourite with crisp vegetables, olives, feta cheese, and herb dressing.)",Pineapple Chili Honey Fusion Salad (Sweet pineapple elevated with chili heat and honey glaze)
,"Caesar Vegetable Salad (Fresh lettuce, crunchy croutons, parmesan, and creamy Caesar dressing.)","Caesar Vegetable Salad (Fresh lettuce, crunchy croutons, parmesan, and creamy Caesar dressing.)",Smoked Corn & Bell Pepper Fiesta (Charred corn and peppers tossed in smoky spices and herbs)
,Corn & Bell Pepper Salad (Sweet corn and colourful bell peppers tossed with herbs and light seasonings.),Corn & Bell Pepper Salad (Sweet corn and colourful bell peppers tossed with herbs and light seasonings.),Cranberry Walnut Garden Salad (Fresh greens with tart cranberries and toasted walnuts)
,Seasonal Fruit Salad (A vibrant assortment of freshly cut seasonal fruits served chilled for natural refreshment.),Seasonal Fruit Salad (A vibrant assortment of freshly cut seasonal fruits served chilled for natural refreshment.),Kale & Apple Honey Mustard Salad (Crunchy kale paired with apples and a honey mustard dressing)
,,"Chickpea Mediterranean Salad (Protein-rich chickpeas tossed with fresh vegetables, olives, herbs, and a citrus dressing.)","Thai Raw Papaya Signature Salad (Shredded papaya with tangy, spicy Thai-style dressing)"
,,Pasta Primavera Salad (Al dente pasta combined with colourful vegetables and a light herb-infused dressing.),Oriental Glass Noodle Salad (Silky noodles tossed with vegetables in a light soy-sesame dressing)
,,Broccoli Almond Salad (Fresh broccoli florets paired with roasted almonds and a delicate creamy dressing.),"Zesty Chickpea Mediterranean Salad (Chickpeas mixed with herbs, vegetables, and citrus notes)"
,,Apple Walnut Salad (Crisp apples and crunchy walnuts blended with fresh greens for a refreshing gourmet salad.),Russian Heritage Potato Salad (Creamy potatoes blended with vegetables and classic seasoning)
,,Pineapple Mint Salad (Juicy pineapple tossed with fresh mint and a hint of citrus for a tropical refreshment.),Creamy Coleslaw Deluxe Edition (Finely shredded cabbage and carrot in a smooth creamy dressing)
,,,Roasted Beetroot & Goat Cheese Symphony (Oven-roasted beetroot paired with creamy goat cheese and subtle herb notes)
,,,Charred Broccoli Almond Salad (Lightly charred broccoli tossed with toasted almonds and delicate seasoning)
,,,Citrus Arugula Parmesan Salad (Peppery arugula with citrus accents and shaved parmesan)
,,,Pesto Pasta Primavera Salad (Pasta tossed with fresh vegetables in a fragrant basil pesto dressing)
,,,
,,,
Royal Paneer Kitchen,Choose Any 1,Choose Any 2,Choose Any 3
,,,
,"Shahi Paneer Darbari (Soft paneer simmered in a rich, creamy royal gravy infused with aromatic Indian spices.)","Shahi Paneer Darbari (Soft paneer simmered in a rich, creamy royal gravy infused with aromatic Indian spices.)",Rajwadi Shahi Paneer Nazakat (Rich tomato gravy finished with cream and royal spices)
,Paneer Butter Delight (Tender cottage cheese cooked in a velvety tomato and butter gravy with subtle spices.),Paneer Butter Delight (Tender cottage cheese cooked in a velvety tomato and butter gravy with subtle spices.),Paneer Makhmali Mehfil (Silky butter gravy with a luxurious velvety finish)
,Paneer Lababdar (Paneer cubes prepared in a rich onion-tomato gravy finished with cream and traditional spices.),Paneer Lababdar (Paneer cubes prepared in a rich onion-tomato gravy finished with cream and traditional spices.),Kesar Pista Paneer Darbari (Saffron infused gravy with pistachio richness)
,"Paneer Angara (Smoky paneer cooked in a bold, spiced gravy with a signature charcoal aroma.)","Paneer Angara (Smoky paneer cooked in a bold, spiced gravy with a signature charcoal aroma.)",Paneer Gulnaar Khaas (Delicate paneer in mildly sweet Mughlai-style gravy)
,Paneer Do Pyaza (Cottage cheese cooked with generous onions in a flavourful semi-dry spiced gravy.),Paneer Do Pyaza (Cottage cheese cooked with generous onions in a flavourful semi-dry spiced gravy.),Rajputana Laal Maas Paneer (Fiery Rajasthani red chilli gravy with paneer twist)
,"Paneer Hariyali (Fresh paneer simmered in a vibrant green gravy of spinach, coriander, and herbs.)","Paneer Hariyali (Fresh paneer simmered in a vibrant green gravy of spinach, coriander, and herbs.)",Paneer Angaara Tikka Masala (Char-grilled paneer in smoky spiced gravy)
,Paneer Palak (Soft paneer cubes served in a creamy spinach gravy delicately seasoned with Indian spices.),Paneer Palak (Soft paneer cubes served in a creamy spinach gravy delicately seasoned with Indian spices.),Dum Paneer Rajwada Handi (Slow-cooked paneer in sealed handi with aromatic spices)
,"Paneer Makhmali (Melt-in-the-mouth paneer cooked in a silky, creamy white gravy with mild aromatic flavours.)","Paneer Makhmali (Melt-in-the-mouth paneer cooked in a silky, creamy white gravy with mild aromatic flavours.)",Paneer Badami Shahi Korma (Almond-rich creamy gravy with subtle sweetness)
,Paneer Kasturi (Rich paneer delicately flavoured with kasuri methi and finished in a creamy spiced gravy.),Paneer Kasturi (Rich paneer delicately flavoured with kasuri methi and finished in a creamy spiced gravy.),Paneer Khazana Darbari (Stuffed paneer dumplings in royal gravy)
,"Paneer Achari (Paneer cooked in a tangy pickle-spiced gravy, offering a bold and flavourful taste.)","Paneer Achari (Paneer cooked in a tangy pickle-spiced gravy, offering a bold and flavourful taste.)",Paneer Anjeer Malai Vilas (Paneer with fig-infused creamy gravy)
,,"Paneer Khurchan Royale (Juliennes of paneer tossed with onions, capsicum, tomatoes, and aromatic North Indian spices.)",Paneer Zafrani Lahori (Saffron flavoured rich and aromatic curry)
,,"Paneer Tikka Masala (Chargrilled paneer tikka simmered in a rich, smoky tomato-based gravy.)",Paneer Subz Miloni Rajputana (Paneer with seasonal vegetables in royal gravy)
,,Paneer Nawabi (A royal preparation of paneer cooked in a luxurious nut-based gravy with delicate Mughlai spices.),Paneer Lababdar Shahi Rasoi (Tangy tomato gravy enriched with butter and cream)
,,,Paneer Adraki Lahsun Tadka (Paneer tempered with ginger-garlic flavours)
,,,Paneer Kasturi Methi Malai (Creamy gravy finished with dried fenugreek leaves)
,,,Paneer Jodhpuri Mirch Masala (Spicy Rajasthani style paneer with bold chilli flavours)
,,,Paneer Mewari Safed Maas Fusion (White creamy gravy inspired by safed maas)
,,,Paneer Butter Delight Chandni Chowk (Classic butter paneer with rich finish)
,,,Paneer Tawa Subz Rangrez (Tossed paneer with vegetables on hot tawa spices)
,,,
,,,
,,,
The Kofta Pavilion of Royal Flavours,Choose Any 1,Choose Any 1,Choose Any 1
,,,
,"Shahi Malai Kofta Darbar (Soft cottage cheese dumplings served in a rich, creamy royal gravy with aromatic spices.)","Shahi Malai Kofta Darbar (Soft cottage cheese dumplings served in a rich, creamy royal gravy with aromatic spices.)","Shahi Malai Kofta Darbar (Soft cottage cheese dumplings served in a rich, creamy royal gravy with aromatic spices.)"
,Rajwada Subz Kofta Nazakat (Delicate vegetable koftas simmered in a flavourful traditional North Indian gravy.),Rajwada Subz Kofta Nazakat (Delicate vegetable koftas simmered in a flavourful traditional North Indian gravy.),Rajwada Subz Kofta Nazakat (Delicate vegetable koftas simmered in a flavourful traditional North Indian gravy.)
,Kaju Anjeer Kofta Shahi Vilas (Luxurious cashew and fig koftas served in a rich Mughlai-style creamy gravy.),Kaju Anjeer Kofta Shahi Vilas (Luxurious cashew and fig koftas served in a rich Mughlai-style creamy gravy.),Kaju Anjeer Kofta Shahi Vilas (Luxurious cashew and fig koftas served in a rich Mughlai-style creamy gravy.)
,"Nargisi Kofta Rajsi Khazana (Stuffed koftas with a flavourful centre, cooked in an indulgent royal gravy.)","Nargisi Kofta Rajsi Khazana (Stuffed koftas with a flavourful centre, cooked in an indulgent royal gravy.)","Nargisi Kofta Rajsi Khazana (Stuffed koftas with a flavourful centre, cooked in an indulgent royal gravy.)"
,"Palak Paneer Kofta Noorani (Spinach and paneer koftas served in a smooth, mildly spiced creamy gravy.)","Palak Paneer Kofta Noorani (Spinach and paneer koftas served in a smooth, mildly spiced creamy gravy.)","Palak Paneer Kofta Noorani (Spinach and paneer koftas served in a smooth, mildly spiced creamy gravy.)"
,Methi Malai Kofta Rajputana (Fenugreek-infused koftas simmered in a velvety cream-based gravy with delicate spices.),Methi Malai Kofta Rajputana (Fenugreek-infused koftas simmered in a velvety cream-based gravy with delicate spices.),Methi Malai Kofta Rajputana (Fenugreek-infused koftas simmered in a velvety cream-based gravy with delicate spices.)
,Kashmiri Dry Fruit Kofta Khaas (Rich dry fruit koftas prepared in an aromatic Kashmiri-inspired creamy gravy.),Kashmiri Dry Fruit Kofta Khaas (Rich dry fruit koftas prepared in an aromatic Kashmiri-inspired creamy gravy.),Kashmiri Dry Fruit Kofta Khaas (Rich dry fruit koftas prepared in an aromatic Kashmiri-inspired creamy gravy.)
,Paneer Badami Kofta Darbari (Soft paneer and almond koftas cooked in a luxurious nut-based royal gravy.),Paneer Badami Kofta Darbari (Soft paneer and almond koftas cooked in a luxurious nut-based royal gravy.),Paneer Badami Kofta Darbari (Soft paneer and almond koftas cooked in a luxurious nut-based royal gravy.)
,Hariyali Kofta Angaara (Fresh herb and vegetable koftas served in a vibrant green spiced gravy.),Hariyali Kofta Angaara (Fresh herb and vegetable koftas served in a vibrant green spiced gravy.),Hariyali Kofta Angaara (Fresh herb and vegetable koftas served in a vibrant green spiced gravy.)
,Lauki Kofta Shahi Rasoi (Tender bottle gourd koftas simmered in a rich tomato and cream-based gravy.),Lauki Kofta Shahi Rasoi (Tender bottle gourd koftas simmered in a rich tomato and cream-based gravy.),Lauki Kofta Shahi Rasoi (Tender bottle gourd koftas simmered in a rich tomato and cream-based gravy.)
,"Khoya Kaju Kofta Rajwada (Creamy khoya and cashew koftas served in a rich, indulgent royal curry.)","Khoya Kaju Kofta Rajwada (Creamy khoya and cashew koftas served in a rich, indulgent royal curry.)","Khoya Kaju Kofta Rajwada (Creamy khoya and cashew koftas served in a rich, indulgent royal curry.)"
,Til Khoya Kofta Khaas (Sesame and khoya koftas delicately cooked in a smooth aromatic gravy.),Til Khoya Kofta Khaas (Sesame and khoya koftas delicately cooked in a smooth aromatic gravy.),Til Khoya Kofta Khaas (Sesame and khoya koftas delicately cooked in a smooth aromatic gravy.)
,Paneer Tikka Kofta Angaara (Smoky paneer tikka koftas served in a bold and flavourful tomato-based gravy.),Paneer Tikka Kofta Angaara (Smoky paneer tikka koftas served in a bold and flavourful tomato-based gravy.),Paneer Tikka Kofta Angaara (Smoky paneer tikka koftas served in a bold and flavourful tomato-based gravy.)
,Adraki Lahsun Kofta Darbar (Soft vegetable koftas infused with fresh ginger and garlic in a rich spiced gravy.),Adraki Lahsun Kofta Darbar (Soft vegetable koftas infused with fresh ginger and garlic in a rich spiced gravy.),Adraki Lahsun Kofta Darbar (Soft vegetable koftas infused with fresh ginger and garlic in a rich spiced gravy.)
,Subz Korma Kofta Rajsi (Mixed vegetable koftas served in a fragrant korma gravy enriched with nuts and cream.),Subz Korma Kofta Rajsi (Mixed vegetable koftas served in a fragrant korma gravy enriched with nuts and cream.),Subz Korma Kofta Rajsi (Mixed vegetable koftas served in a fragrant korma gravy enriched with nuts and cream.)
,"Pista Malai Kofta Vilas (Pistachio-infused malai koftas cooked in a silky, luxurious white gravy.)","Pista Malai Kofta Vilas (Pistachio-infused malai koftas cooked in a silky, luxurious white gravy.)","Pista Malai Kofta Vilas (Pistachio-infused malai koftas cooked in a silky, luxurious white gravy.)"
,Paneer Anardana Kofta Nazakat (Paneer koftas delicately flavoured with pomegranate and served in a rich creamy gravy.),Paneer Anardana Kofta Nazakat (Paneer koftas delicately flavoured with pomegranate and served in a rich creamy gravy.),Paneer Anardana Kofta Nazakat (Paneer koftas delicately flavoured with pomegranate and served in a rich creamy gravy.)
,"Palak Makhana Kofta Noor (Spinach and fox nut koftas simmered in a smooth, flavourful green gravy.)","Palak Makhana Kofta Noor (Spinach and fox nuts koftas simmered in a smooth, flavourful green gravy.)","Palak Makhana Kofta Noor (Spinach and fox nuts koftas simmered in a smooth, flavourful green gravy.)"
,"Kaju Kishmish Kofta Shahi (Cashew and raisin-stuffed koftas cooked in a rich, creamy royal gravy.)","Kaju Kishmish Kofta Shahi (Cashew and raisin-stuffed koftas cooked in a rich, creamy royal gravy.)","Kaju Kishmish Kofta Shahi (Cashew and raisin-stuffed koftas cooked in a rich, creamy royal gravy.)"
,,,
,,,
,,,
Aloo Regional Specialities,Choose Any 1,Choose Any 1,Choose Any 1
,Rajwadi Aloo Pyaz Rasoi (A rustic preparation of potatoes and onions cooked with traditional Rajasthani spices.),Rajwadi Aloo Pyaz Rasoi (A rustic preparation of potatoes and onions cooked with traditional Rajasthani spices.),Rajwadi Aloo Pyaz Rasoi (A rustic preparation of potatoes and onions cooked with traditional Rajasthani spices.)
,"Dum Aloo Rajwada Handi (Baby potatoes slow-cooked in a rich, aromatic gravy using the traditional dum method.)","Dum Aloo Rajwada Handi (Baby potatoes slow-cooked in a rich, aromatic gravy using the traditional dum method.)","Dum Aloo Rajwada Handi (Baby potatoes slow-cooked in a rich, aromatic gravy using the traditional dum method.)"
,Kashmiri Dum Aloo Shahi (Classic Kashmiri baby potatoes simmered in a rich yogurt-based gravy with aromatic spices.),Kashmiri Dum Aloo Shahi (Classic Kashmiri baby potatoes simmered in a rich yogurt-based gravy with aromatic spices.),Kashmiri Dum Aloo Shahi (Classic Kashmiri baby potatoes simmered in a rich yogurt-based gravy with aromatic spices.)
,"Jeera Aloo Darbari (Tender potatoes sautéed with roasted cumin, fresh herbs, and traditional Indian seasonings.)",Hara Dhaniya Bharwan Aloo Vilas (Stuffed baby potatoes flavoured with fresh coriander and aromatic spices in a rich gravy.),Hara Dhaniya Bharwan Aloo Vilas (Stuffed baby potatoes flavoured with fresh coriander and aromatic spices in a rich gravy.)
,Achari Dum Aloo Rajputana (Baby potatoes cooked in a tangy pickle-spiced gravy with bold Rajasthani flavours.),Bhojpuri Aloo Teekha Khaas (A spicy Bhojpuri-style potato curry prepared with robust regional spices and herbs.),Bhojpuri Aloo Teekha Khaas (A spicy Bhojpuri-style potato curry prepared with robust regional spices and herbs.)
,Aloo Tamatar Rasoi Shahi (Soft potatoes simmered in a flavourful tomato gravy infused with authentic Indian spices.),Achari Dum Aloo Rajputana (Baby potatoes cooked in a tangy pickle-spiced gravy with bold Rajasthani flavours.),Achari Dum Aloo Rajputana (Baby potatoes cooked in a tangy pickle-spiced gravy with bold Rajasthani flavours.)
,"Aloo Adraki Lahsun Tadka (Potatoes tempered with fresh ginger, garlic, and aromatic spices for a robust flavour.)","Jeera Aloo Darbari (Tender potatoes sautéed with roasted cumin, fresh herbs, and traditional Indian seasonings.)","Jeera Aloo Darbari (Tender potatoes sautéed with roasted cumin, fresh herbs, and traditional Indian seasonings.)"
,"Aloo Palak Noorani (Tender potatoes cooked with fresh spinach in a mildly spiced, creamy green gravy.)",Sikampuri Bharwan Aloo Shahi (Stuffed potatoes delicately seasoned and cooked in a luxurious royal-style gravy.),Sikampuri Bharwan Aloo Shahi (Stuffed potatoes delicately seasoned and cooked in a luxurious royal-style gravy.)
,"Aloo Methi Malai Rajsi (Potatoes cooked with fresh fenugreek leaves in a rich, creamy and delicately spiced gravy.)","Aloo Methi Malai Rajsi (Potatoes cooked with fresh fenugreek leaves in a rich, creamy, delicately spiced gravy.)","Aloo Methi Malai Rajsi (Potatoes cooked with fresh fenugreek leaves in a rich, creamy, delicately spiced gravy.)"
,Aloo Makhanwala Rajwada (Potatoes simmered in a buttery tomato gravy finished with fresh cream and aromatic spices.),"Aloo Palak Noorani (Tender potatoes cooked with fresh spinach in a mildly spiced, creamy green gravy.)","Aloo Palak Noorani (Tender potatoes cooked with fresh spinach in a mildly spiced, creamy green gravy.)"
,,Aloo Kaju Khoya Vilas (Potatoes simmered in a luxurious cashew and khoya gravy with rich Mughlai flavours.),Aloo Kaju Khoya Vilas (Potatoes simmered in a luxurious cashew and khoya gravy with rich Mughlai flavours.)
,,Aloo Mirch Rajputana Angaara (Potatoes cooked with vibrant peppers and bold spices for a smoky Rajasthani delight.),Aloo Mirch Rajputana Angaara (Potatoes cooked with vibrant peppers and bold spices for a smoky Rajasthani delight.)
,,Aloo Tamatar Rasoi Shahi (Soft potatoes simmered in a flavourful tomato gravy infused with authentic Indian spices.),Aloo Tamatar Rasoi Shahi (Soft potatoes simmered in a flavourful tomato gravy infused with authentic Indian spices.)
,,"Aloo Subz Miloni Rajwada (Potatoes and seasonal vegetables cooked together in a rich, aromatic traditional gravy.)","Aloo Subz Miloni Rajwada (Potatoes and seasonal vegetables cooked together in a rich, aromatic traditional gravy.)"
,,Aloo Badami Korma Darbari (Tender potatoes served in a creamy almond-based korma enriched with royal spices.),Aloo Badami Korma Darbari (Tender potatoes served in a creamy almond-based korma enriched with royal spices.)
,,,"Aloo Adraki Lahsun Tadka (Potatoes tempered with fresh ginger, garlic, and aromatic spices for a robust flavour.)"
,,,Aloo Zafrani Khazana (Baby potatoes delicately infused with premium saffron in a luxurious royal gravy.)
,,,"Aloo Til Badami Vilas (Potatoes cooked with roasted sesame and almonds in a rich, flavourful gravy.)"
,,,Aloo Hariyali Angaara (Potatoes simmered in a vibrant green herb gravy with a subtle smoky finish.)
,,,"Aloo Pudina Chatpata Khaas (Fresh potatoes tossed with mint, herbs, and tangy spices for a refreshing taste.)"
,,,Aloo Anardana Rajsi (Potatoes flavoured with dried pomegranate for a delightful balance of sweet and tangy notes.)
,,,Aloo Lahsunia Teekha (A bold potato preparation infused with roasted garlic and traditional Indian spices.)
,,,Aloo Rajma Miloni Shahi (A hearty combination of potatoes and kidney beans cooked in a rich North Indian gravy.)
,,,Aloo Makhanwala Rajwada (Potatoes simmered in a buttery tomato gravy finished with fresh cream and aromatic spices.)
,,,"Aloo Kasturi Methi Malai (Potatoes cooked with kasuri methi in a smooth, creamy gravy with royal flavours.)"
,,,Aloo Hing Jeera Vilas (Tender potatoes tempered with asafoetida and roasted cumin for a classic aromatic delight.)
,,,Aloo Tamatar Dhaba Style Rajsi (A rustic dhaba-style potato and tomato curry bursting with authentic Indian flavours.)
,,,Aloo Pyaaz Angaara Tawa (Potatoes and onions tossed on a
,,,
The Imperial Curry Khazana,Choose Any 1,Choose Any 1,Choose Any 1
,Rajasthani Kadhi Pakoda (Traditional Rajasthani yogurt curry served with soft gram flour fritters and aromatic spices.),Rajasthani Kadhi Pakoda (Traditional Rajasthani yogurt curry served with soft gram flour fritters and aromatic spices.),"Palak Chana Rajsi Vilas (Fresh spinach and chickpeas simmered in a rich, aromatic gravy with traditional Indian spices.)"
,Kadhi Boondi (Creamy yogurt-based curry enriched with soft boondi and delicately spiced tempering.),Kadhi Boondi (Creamy yogurt-based curry enriched with soft boondi and delicately spiced tempering.),Corn Kaju Khazana Shahi (Sweet corn and premium cashews cooked in a luxurious creamy royal gravy.)
,Kadhi Mangodi (Classic kadhi simmered with traditional lentil dumplings for a hearty Rajasthani flavour.),Kadhi Mangodi (Classic kadhi simmered with traditional lentil dumplings for a hearty Rajasthani flavour.),Baby Corn Badami Darbari (Tender baby corn prepared in a rich almond-based gravy with delicate spices.)
,Kadhi Gatta (A rich yogurt curry featuring soft gram flour gatta cooked with authentic regional spices.),Kadhi Gatta (A rich yogurt curry featuring soft gram flour gatta cooked with authentic regional spices.),"Corn Palak Noorani (Sweet corn and fresh spinach blended into a wholesome, mildly spiced creamy curry.)"
,Kadhi Jeera (Smooth yogurt curry delicately tempered with roasted cumin for a light and aromatic taste.),Kadhi Jeera (Smooth yogurt curry delicately tempered with roasted cumin for a light and aromatic taste.),Methi Chana Rajputana (Chickpeas cooked with fresh fenugreek leaves in a flavourful traditional Rajasthani style.)
,Kadhi Lahsun (Traditional kadhi infused with a robust garlic tempering for bold and comforting flavours.),Kadhi Lahsun (Traditional kadhi infused with a robust garlic tempering for bold and comforting flavours.),Chana Masala Rajwada Rasoi (Classic Punjabi chickpeas simmered in a robust tomato and onion gravy with aromatic spices.)
,Kadhi Methi (Creamy yogurt curry enhanced with fresh fenugreek leaves and fragrant Indian spices.),Kadhi Methi (Creamy yogurt curry enhanced with fresh fenugreek leaves and fragrant Indian spices.),Chana Korma Shahi Khazana (Chickpeas cooked in a rich Mughlai-style korma enriched with nuts and cream.)
,Kadhi Pudina (Refreshing yogurt curry infused with fresh mint and mild aromatic seasonings.),Kadhi Pudina (Refreshing yogurt curry infused with fresh mint and mild aromatic seasonings.),"Palak Kaju Vilas (Fresh spinach and roasted cashews simmered in a smooth, flavourful green gravy.)"
,Kadhi Palak (Wholesome yogurt curry blended with fresh spinach for a rich and nourishing delicacy.),Kadhi Palak (Wholesome yogurt curry blended with fresh spinach for a rich and nourishing delicacy.),"Corn Mushroom Angaara (Sweet corn and mushrooms cooked in a smoky, spiced gravy with bold flavours.)"
,Rajputana Kadhi (An authentic royal-style yogurt curry prepared with traditional Rajputana spices and timeless flavours.),Rajputana Kadhi (An authentic royal-style yogurt curry prepared with traditional Rajputana spices and timeless flavours.),Chana Anardana Khaas (Tender chickpeas delicately flavoured with dried pomegranate for a tangy royal twist.)
,,Sindhi Kadhi (A tangy gram flour curry cooked with seasonal vegetables and authentic Sindhi spices.),Palak Subz Miloni Rajsi (A wholesome blend of spinach and seasonal vegetables cooked in a rich aromatic gravy.)
,,Gujarati Sweet Kadhi (A delicately sweet and mildly spiced yogurt curry prepared in the traditional Gujarati style.),Corn Zafrani Khazana (Sweet corn infused with premium saffron in a luxurious creamy gravy.)
,,Royal Spinach Kadhi (A luxurious yogurt curry blended with fresh spinach and finished with aromatic tempering.),Chana Lahsunia Teekha (Spicy chickpeas prepared with roasted garlic and traditional Indian spices.)
,,,"Baby Corn Makhmali Shahi (Tender baby corn cooked in a silky, creamy white gravy with mild royal flavours.)"
,,,"Palak Adraki Lahsun Rasoi (Fresh spinach enhanced with ginger, garlic, and aromatic Indian spices.)"
,,,"Chana Til Badami Vilas (Chickpeas simmered with roasted sesame and almonds in a rich, flavourful gravy.)"
,,,Corn Hariyali Angaara (Sweet corn cooked in a vibrant herb-infused green gravy with a subtle smoky finish.)
,,,"Chana Kaju Kishmish Darbari (Chickpeas enriched with cashews and raisins in a rich, mildly sweet royal gravy.)"
,,,"Palak Methi Malai Rajwada (Fresh spinach and fenugreek cooked in a creamy, delicately spiced royal-style gravy.)"
,,,
,,,
The Rajputana Bharwan & Subz Darbar,N/A,Choose Any 1,Choose Any 1
,,Bharwan Tamatar Rajwada Vilas (Juicy tomatoes stuffed with a rich spiced filling and simmered in a flavourful royal gravy.),Bharwan Tamatar Rajwada Vilas (Juicy tomatoes stuffed with a rich spiced filling and simmered in a flavourful royal gravy.)
,,"Tofu Bharwan Tamatar Fusion Shahi (Stuffed tomatoes filled with seasoned tofu, served in a luxurious fusion-style gravy.)","Tofu Bharwan Tamatar Fusion Shahi (Stuffed tomatoes filled with seasoned tofu, served in a luxurious fusion-style gravy.)"
,,Bharwan Karela Rajsi Khaas (Tender bitter gourd stuffed with aromatic spices and cooked in a traditional royal style.),Bharwan Karela Rajsi Khaas (Tender bitter gourd stuffed with aromatic spices and cooked in a traditional royal style.)
,,Arbi Do Pyaza Darbari (Tender colocasia cooked with generous onions and aromatic Indian spices.),Arbi Do Pyaza Darbari (Tender colocasia cooked with generous onions and aromatic Indian spices.)
,,Baingan Masala Rajputana Rasoi (Fresh eggplant cooked in a robust onion-tomato masala with authentic Rajasthani flavours.),Baingan Masala Rajputana Rasoi (Fresh eggplant cooked in a robust onion-tomato masala with authentic Rajasthani flavours.)
,,Baingan Bharta Angaara Shahi (Smoky roasted eggplant mashed and cooked with rich spices for a royal delicacy.),Baingan Bharta Angaara Shahi (Smoky roasted eggplant mashed and cooked with rich spices for a royal delicacy.)
,,Tawa Subz Rajwada Angaara (Seasonal vegetables tossed on a hot tawa with aromatic spices and a smoky finish.),Tawa Subz Rajwada Angaara (Seasonal vegetables tossed on a hot tawa with aromatic spices and a smoky finish.)
,,Bharwan Shimla Mirch Darbar (Bell peppers stuffed with a rich savoury filling and cooked in a flavourful gravy.),Bharwan Shimla Mirch Darbar (Bell peppers stuffed with a rich savoury filling and cooked in a flavourful gravy.)
,,Bharwan Baingan Rajsi Vilas (Baby eggplants stuffed with traditional spices and slow-cooked to perfection.),Bharwan Baingan Rajsi Vilas (Baby eggplants stuffed with traditional spices and slow-cooked to perfection.)
,,Bharwan Tamatar Anardana Khaas (Stuffed tomatoes delicately flavoured with dried pomegranate for a tangy royal twist.),Bharwan Tamatar Anardana Khaas (Stuffed tomatoes delicately flavoured with dried pomegranate for a tangy royal twist.)
,,Bharwan Tinda Rajwada (Round gourds stuffed with aromatic spices and simmered in a traditional North Indian gravy.),Bharwan Tinda Rajwada (Round gourds stuffed with aromatic spices and simmered in a traditional North Indian gravy.)
,,Arbi Masala Rajputana (Colocasia cooked with robust Indian spices for an authentic homestyle preparation.),Arbi Masala Rajputana (Colocasia cooked with robust Indian spices for an authentic homestyle preparation.)
,,"Arbi Methi Malai Darbar (Tender colocasia and fresh fenugreek cooked in a smooth, creamy gravy.)","Arbi Methi Malai Darbar (Tender colocasia and fresh fenugreek cooked in a smooth, creamy gravy.)"
,,"Arbi Adraki Lahsun Tadka (Colocasia tempered with fresh ginger, garlic, and aromatic Indian spices.)","Arbi Adraki Lahsun Tadka (Colocasia tempered with fresh ginger, garlic, and aromatic Indian spices.)"
,,"Baingan Bharta Rajwada Rasoi (Fire-roasted eggplant mashed and cooked with onions, tomatoes, and traditional spices.)","Baingan Bharta Rajwada Rasoi (Fire-roasted eggplant mashed and cooked with onions, tomatoes, and traditional spices.)"
,,Baingan Kaju Khazana Shahi (Tender eggplant simmered in a luxurious cashew-based royal gravy.),Baingan Kaju Khazana Shahi (Tender eggplant simmered in a luxurious cashew-based royal gravy.)
,,Baingan Achari Rajputana (Eggplant cooked with tangy pickle spices for a bold and flavourful Rajasthani delight.),Baingan Achari Rajputana (Eggplant cooked with tangy pickle spices for a bold and flavourful Rajasthani delight.)
,,Baingan Hariyali Angaara (Eggplant cooked in a vibrant green herb gravy with a subtle smoky finish.),Baingan Hariyali Angaara (Eggplant cooked in a vibrant green herb gravy with a subtle smoky finish.)
,,Tawa Paneer Subz Vilas (Fresh paneer and seasonal vegetables tossed on a hot tawa with aromatic spices.),Tawa Paneer Subz Vilas (Fresh paneer and seasonal vegetables tossed on a hot tawa with aromatic spices.)
,,Tawa Mushroom Angaara (Juicy mushrooms cooked on the tawa with smoky spices and fresh herbs.),Tawa Mushroom Angaara (Juicy mushrooms cooked on the tawa with smoky spices and fresh herbs.)
,,Tawa Corn Palak Khaas (Sweet corn and spinach tossed on a hot tawa with traditional seasonings.),Tawa Corn Palak Khaas (Sweet corn and spinach tossed on a hot tawa with traditional seasonings.)
,,Tawa Aloo Mirch Rajwada (Potatoes and colourful peppers cooked on the tawa with bold Indian spices.),Tawa Aloo Mirch Rajwada (Potatoes and colourful peppers cooked on the tawa with bold Indian spices.)
,,Karela Pyaz Masala Rajsi (Bitter gourd and onions cooked together with flavourful spices for a balanced taste.),Karela Pyaz Masala Rajsi (Bitter gourd and onions cooked together with flavourful spices for a balanced taste.)
,,Karela Achari Shahi (Tender bitter gourd prepared with tangy pickle spices in a rich traditional style.),Karela Achari Shahi (Tender bitter gourd prepared with tangy pickle spices in a rich traditional style.)
,,Karela Bharwan Khoya Vilas (Stuffed bitter gourd filled with khoya and aromatic spices for a unique royal delicacy.),Karela Bharwan Khoya Vilas (Stuffed bitter gourd filled with khoya and aromatic spices for a unique royal delicacy.)
,,,
Live Vegetable Station,N/A,Choose Any 1,Choose Any 1
,,Live Tawa Subz Station (Fresh seasonal vegetables expertly tossed live on the tawa with aromatic Indian spices.),Live Tawa Subz Station (Fresh seasonal vegetables expertly tossed live on the tawa with aromatic Indian spices.)
,,Live Veg Jalfrezi Station (A vibrant medley of vegetables stir-cooked live in a spicy tomato-based gravy.),Live Veg Jalfrezi Station (A vibrant medley of vegetables stir-cooked live in a spicy tomato-based gravy.)
,,Live Kadai Sabzi Station (Fresh vegetables prepared live in a traditional kadai with bold Indian spices and herbs.),Live Kadai Sabzi Station (Fresh vegetables prepared live in a traditional kadai with bold Indian spices and herbs.)
,,"Live Paneer Bhurji Station (Crumbled paneer cooked live with onions, tomatoes, and signature Indian seasonings.)","Live Paneer Bhurji Station (Crumbled paneer cooked live with onions, tomatoes, and signature Indian seasonings.)"
,,"Live Mushroom Masala Station (Juicy mushrooms prepared live in a rich, flavourful masala gravy.)","Live Mushroom Masala Station (Juicy mushrooms prepared live in a rich, flavourful masala gravy.)"
,,Live Baby Corn Pepper Fry Station (Tender baby corn stir-fried live with freshly cracked pepper and aromatic spices.),Live Baby Corn Pepper Fry Station (Tender baby corn stir-fried live with freshly cracked pepper and aromatic spices.)
,,"Live Palak Corn Station (Sweet corn and fresh spinach cooked live in a creamy, delicately spiced gravy.)","Live Palak Corn Station (Sweet corn and fresh spinach cooked live in a creamy, delicately spiced gravy.)"
,,Live Veg Do Pyaza Station (Seasonal vegetables prepared live with generous onions and traditional Indian spices.),Live Veg Do Pyaza Station (Seasonal vegetables prepared live with generous onions and traditional Indian spices.)
,,Live Hariyali Subz Station (Fresh vegetables cooked live in a vibrant green herb-infused gravy.),Live Hariyali Subz Station (Fresh vegetables cooked live in a vibrant green herb-infused gravy.)
,,Live Mix Veg Handi Station (A wholesome assortment of seasonal vegetables slow-cooked live in a rich traditional handi gravy.),Live Mix Veg Handi Station (A wholesome assortment of seasonal vegetables slow-cooked live in a rich traditional handi gravy.)
,,,
,,,
Exotic Subz Indulgence,N/A,Choose Any 1,Choose Any 1
,,Zucchini Malai Zafran Vilas (Tender zucchini simmered in a silky saffron-infused cream gravy with royal flavours.),Zucchini Malai Zafran Vilas (Tender zucchini simmered in a silky saffron-infused cream gravy with delicate royal flavours.)
,,Asparagus Badami Shahi (Fresh asparagus cooked in a luxurious almond-based gravy with delicate aromatic spices.),Asparagus Badami Shahi (Fresh asparagus cooked in a luxurious almond-based gravy with aromatic Indian spices.)
,,Broccoli Makhmali Darbar (Crisp broccoli florets prepared in a velvety creamy gravy with subtle royal seasonings.),Broccoli Makhmali Darbar (Crisp broccoli florets prepared in a velvety creamy gravy with subtle royal seasonings.)
,,Avocado Subz Nazakat (Creamy avocado paired with seasonal vegetables in a rich herb-infused gourmet curry.),Avocado Subz Nazakat (Creamy avocado blended with seasonal vegetables in a rich herb-infused gourmet curry.)
,,Baby Corn Kaju Khazana (Tender baby corn simmered in a rich cashew-based gravy with royal Mughlai flavours.),Baby Corn Kaju Khazana (Tender baby corn simmered in a rich cashew-based gravy with royal Mughlai flavours.)
,,"Lotus Stem Angaara Masala (Crispy lotus stem cooked in a smoky, flavourful masala with aromatic Indian spices.)",Lotus Stem Angaara Masala (Crispy lotus stem cooked in a smoky masala infused with bold Indian spices.)
,,"Kamal Kakdi Methi Malai Rajsi (Lotus stem cooked with fresh fenugreek in a smooth, creamy royal gravy.)","Kamal Kakdi Methi Malai Rajsi (Lotus stem cooked with fresh fenugreek in a smooth, creamy royal-style gravy.)"
,,Artichoke Dilpasand Shahi (Tender artichokes prepared in a luxurious creamy gravy with delicate Indian spices.),Artichoke Dilpasand Shahi (Tender artichokes prepared in a luxurious creamy gravy with delicate aromatic spices.)
,,Edamame Hariyali Vilas (Protein-rich edamame cooked in a vibrant green herb-infused gravy.),Edamame Hariyali Vilas (Protein-rich edamame cooked in a vibrant green herb-infused gravy.)
,,Purple Cabbage Subz Royale (Purple cabbage and seasonal vegetables delicately cooked with aromatic spices and herbs.),Purple Cabbage Subz Royale (Purple cabbage and seasonal vegetables delicately cooked with aromatic herbs and spices.)
,,Wild Mushroom Truffle Shahi Rasoi (Exotic wild mushrooms infused with truffle flavours in a rich gourmet gravy.),Wild Mushroom Truffle Shahi Rasoi (Exotic wild mushrooms infused with premium truffle flavours in a rich gourmet gravy.)
,,Button Mushroom Zafrani Khazana (Juicy button mushrooms simmered in a luxurious saffron-infused creamy gravy.),Button Mushroom Zafrani Khazana (Juicy button mushrooms simmered in a luxurious saffron-infused creamy gravy.)
,,Portobello Angaara Darbar (Portobello mushrooms cooked in a smoky masala with bold traditional spices.),Portobello Angaara Darbar (Portobello mushrooms cooked in a smoky masala with bold traditional seasonings.)
,,"Baby Potato Herb Butter Vilas (Tender baby potatoes tossed with butter, fresh herbs, and aromatic seasonings.)",Baby Potato Herb Butter Vilas (Tender baby potatoes tossed with herb butter and aromatic gourmet seasonings.)
,,Sweet Potato Anardana Khaas (Sweet potatoes delicately flavoured with dried pomegranate and fragrant Indian spices.),Sweet Potato Anardana Khaas (Sweet potatoes delicately flavoured with dried pomegranate and fragrant Indian spices.)
,,Bok Choy Til Badami Fusion (Fresh bok choy cooked with roasted sesame and almonds in a fusion-style preparation.),Bok Choy Til Badami Fusion (Fresh bok choy cooked with roasted sesame and almonds in an elegant fusion style.)
,,Grilled Mediterranean Subz Platter Rajwada (An assortment of grilled Mediterranean vegetables finished with herbs and premium seasonings.),Grilled Mediterranean Subz Platter Rajwada (An assortment of grilled Mediterranean vegetables finished with herbs and premium seasonings.)
,,Stuffed Zucchini Boats Shahi (Zucchini boats filled with a rich savoury stuffing and baked to perfection.),Stuffed Zucchini Boats Shahi (Fresh zucchini boats filled with a rich savoury stuffing and baked to perfection.)
,,"Quinoa Stuffed Bell Peppers Vilas (Bell peppers stuffed with wholesome quinoa, vegetables, and aromatic herbs.)","Quinoa Stuffed Bell Peppers Vilas (Bell peppers stuffed with wholesome quinoa, vegetables, and aromatic herbs.)"
,,"Cottage Cheese Spinach Roulade Rajsi (Delicate paneer and spinach roulades served with a rich, creamy gourmet finish.)","Cottage Cheese Spinach Roulade Rajsi (Delicate paneer and spinach roulades served with a rich, creamy gourmet finish.)"
,,,
,,,
The Rajputana Dal & Kadhi Darbar,Choose Any 1,Choose Any 1,Choose Any 2
,Dal Baati Panchmel Rajwada (A traditional Rajasthani panchmel dal served with golden baked baati and authentic regional flavours.),Dal Baati Panchmel Rajwada (A traditional Rajasthani panchmel dal served with golden baked baati and authentic regional flavours.),Dal Baati Panchmel Rajwada (A traditional Rajasthani panchmel dal served with golden baked baati and authentic regional flavours.)
,"Shahi Dal Makhani Darbari (Slow-cooked black lentils simmered with butter, cream, and aromatic North Indian spices.)","Shahi Dal Makhani Darbari (Slow-cooked black lentils simmered with butter, cream, and aromatic North Indian spices.)","Shahi Dal Makhani Darbari (Slow-cooked black lentils simmered with butter, cream, and aromatic North Indian spices.)"
,"Dal Bukhara Vilas (Rich whole black lentils slow-cooked overnight for a deep, smoky, and luxurious flavour.)","Dal Bukhara Vilas (Rich whole black lentils slow-cooked overnight for a deep, smoky, and luxurious flavour.)","Dal Bukhara Vilas (Rich whole black lentils slow-cooked overnight for a deep, smoky, and luxurious flavour.)"
,"Rajsi Yellow Dal Tadka (Wholesome yellow lentils tempered with ghee, cumin, garlic, and traditional Indian spices.)","Rajsi Yellow Dal Tadka (Wholesome yellow lentils tempered with ghee, cumin, garlic, and traditional Indian spices.)","Rajsi Yellow Dal Tadka (Wholesome yellow lentils tempered with ghee, cumin, garlic, and traditional Indian spices.)"
,Moong Dal Chilka Rajputana (Split green gram lentils cooked with rustic Rajasthani spices for a comforting classic.),Moong Dal Chilka Rajputana (Split green gram lentils cooked with rustic Rajasthani spices for a comforting classic.),Moong Dal Chilka Rajputana (Split green gram lentils cooked with rustic Rajasthani spices for a comforting classic.)
,"Dal Panchratna Shahi Khazana (A royal blend of five premium lentils simmered in a rich, flavourful gravy.)","Dal Panchratna Shahi Khazana (A royal blend of five premium lentils simmered in a rich, flavourful gravy.)","Dal Panchratna Shahi Khazana (A royal blend of five premium lentils simmered in a rich, flavourful gravy.)"
,Dal Lahsunia Teekha Rasoi (A robust lentil preparation infused with roasted garlic and bold Indian spices.),Dal Lahsunia Teekha Rasoi (A robust lentil preparation infused with roasted garlic and bold Indian spices.),Dal Lahsunia Teekha Rasoi (A robust lentil preparation infused with roasted garlic and bold Indian spices.)
,Dal Zafrani Vilas (Creamy lentils delicately flavoured with premium saffron for a luxurious royal touch.),Dal Zafrani Vilas (Creamy lentils delicately flavoured with premium saffron for a luxurious royal touch.),Dal Zafrani Vilas (Creamy lentils delicately flavoured with premium saffron for a luxurious royal touch.)
,Rajasthani Kadhi Pakoda Darbar (Traditional yogurt curry served with soft gram flour fritters and aromatic Rajasthani spices.),"Dal Methi Malai Darbar (Wholesome lentils cooked with fresh fenugreek leaves in a smooth, creamy gravy.)","Dal Methi Malai Darbar (Wholesome lentils cooked with fresh fenugreek leaves in a smooth, creamy gravy.)"
,Kadhi Boondi Darbari (Creamy yogurt-based curry enriched with soft boondi and delicately tempered with aromatic spices.),Dal Kaju Kishmish Shahi (Rich lentils enriched with cashews and raisins for a mildly sweet royal delicacy.),Dal Kaju Kishmish Shahi (Rich lentils enriched with cashews and raisins for a mildly sweet royal delicacy.)
,,"Dal Adraki Hing Tadka (Flavourful lentils tempered with fresh ginger, asafoetida, and aromatic Indian spices.)","Dal Adraki Hing Tadka (Flavourful lentils tempered with fresh ginger, asafoetida, and aromatic Indian spices.)"
,,Dal Palak Noorani (Nutritious lentils blended with fresh spinach in a delicately spiced wholesome preparation.),Dal Subz Miloni Rajsi (A nourishing blend of lentils and seasonal vegetables cooked in a rich traditional gravy.)
,,Rajasthani Kadhi Pakoda Darbar (Traditional yogurt curry served with soft gram flour fritters and aromatic Rajasthani spices.),Dal Palak Noorani (Nutritious lentils blended with fresh spinach in a delicately spiced wholesome preparation.)
,,Kadhi Gatta Shahi Rasoi (Creamy yogurt curry featuring soft gram flour gatta cooked with authentic royal spices.),Dal Badami Khazana (Creamy lentils enriched with roasted almonds for a rich and luxurious flavour.)
,,Kadhi Boondi Darbari (Creamy yogurt-based curry enriched with soft boondi and delicately tempered with aromatic spices.),"Dal Dum Handi Rajwada (Traditional lentils slow-cooked in a handi for deep, authentic, and aromatic flavours.)"
,,,Rajasthani Kadhi Pakoda Darbar (Traditional yogurt curry served with soft gram flour fritters and aromatic Rajasthani spices.)
,,,Kadhi Mangodi Rajputana (Classic yogurt curry simmered with traditional lentil dumplings and regional spices.)
,,,Kadhi Gatta Shahi Rasoi (Creamy yogurt curry featuring soft gram flour gatta cooked with authentic royal spices.)
,,,Kadhi Lahsunia Teekha (Traditional kadhi infused with a bold garlic tempering and rich Indian flavours.)
,,,"Kadhi Methi Pakoda Vilas (Creamy yogurt curry with fenugreek pakodas, delicately seasoned with aromatic spices.)"
,,,Kadhi Zafrani Khazana (A luxurious yogurt curry infused with premium saffron and royal flavours.)
,,,Kadhi Palak Noorani (Wholesome yogurt curry blended with fresh spinach and aromatic Indian spices.)
,,,Kadhi Subz Miloni Rajsi (Creamy kadhi enriched with seasonal vegetables for a wholesome royal preparation.)
,,,Kadhi Mirch Rajputana Angaara (A spicy Rajasthani kadhi enhanced with green chillies and smoky traditional flavours.)
,,,Kadhi Hing Jeera Rasoi (Smooth yogurt curry delicately tempered with asafoetida and roasted cumin.)
,,,Kadhi Boondi Darbari (Creamy yogurt-based curry enriched with soft boondi and delicately tempered with aromatic spices.)
,,,Kadhi Kaju Kishmish Shahi (A rich royal kadhi enhanced with premium cashews and raisins for a luxurious finish.)
,,,
The Royal Sweet's Collection,Choice of 4,Choice of 6,Choice of 10
,Kaju Katli Rajsi Vilas (Delicate cashew fudge crafted with premium cashews and finished with edible silver leaf.),Kaju Katli Rajsi Vilas (Diamond-cut kaju delicacy crafted with premium cashew paste and royal silver finish),Kaju Katli Rajsi Vilas (Diamond-cut kaju sweet crafted with premium cashew paste and royal silver finish)
,Pista Barfi Darbari Delight (Rich pistachio barfi prepared with premium nuts and traditional sweetness.),Pista Barfi Darbari Delight (Rich pistachio fudge blended with aromatic flavours and luxurious texture),Pista Barfi Darbari Delight (Rich pistachio fudge blended with aromatic flavours and luxurious texture)
,Anjeer Dry Fruit Barfi Khazana (A luxurious blend of figs and assorted dry fruits handcrafted into a royal delicacy.),Anjeer Dry Fruit Barfi Khazana (Premium figs and dry fruits combined into a royal traditional sweet),Anjeer Dry Fruit Barfi Khazana (Premium fig and dry fruit delicacy with a rich royal taste)
,Badam Katli Shahi Rasoi (Smooth almond fudge infused with rich flavours and elegant royal presentation.),Badam Katli Shahi Rasoi (Smooth almond confection prepared with fine almonds and delicate sweetness),Badam Katli Shahi Rasoi (Smooth almond confection prepared with fine almonds and delicate sweetness)
,Kesar Peda Rajwada (Soft milk peda delicately flavoured with premium saffron and aromatic cardamom.),Kesar Peda Rajwada (Soft milk peda infused with premium saffron strands and royal flavours),Kesar Peda Rajwada (Soft milk peda infused with premium saffron strands and royal flavours)
,Mathura Peda Rajsi Khaas (Traditional Mathura-style peda prepared from slow-cooked milk for an authentic taste.),Mathura Peda Rajsi Khaas (Authentic Mathura-style peda made with slow-cooked milk solids),Mathura Peda Rajsi Khaas (Authentic Mathura-style peda made with slow-cooked milk solids)
,"Doodh Barfi Shahi Vilas (Classic milk barfi with a rich, creamy texture and timeless Indian sweetness.)",Doodh Barfi Shahi Vilas (Classic milk fudge prepared with pure khoya and creamy texture),Doodh Barfi Shahi Vilas (Classic milk fudge prepared with pure khoya and creamy richness)
,Motichoor Ladoo Rajwada (Soft pearls of boondi bound together into a rich and festive royal ladoo.),Chocolate Barfi Fusion Rajsi (Traditional barfi blended with rich chocolate indulgence),Chocolate Barfi Fusion Rajsi (Traditional barfi blended with rich chocolate flavours for a modern twist)
,Besan Ladoo Shahi Khazana (Golden roasted gram flour ladoos enriched with pure ghee and aromatic cardamom.),Coconut Barfi Darbari (Soft coconut sweet with subtle sweetness and traditional flavours),Coconut Barfi Darbari (Soft coconut sweet with subtle sweetness and traditional flavours)
,"Dry Fruit Ladoo Rajsi Vilas (Nutritious ladoos packed with premium dry fruits, nuts, and natural richness.)",Rose Petal Barfi Rajputana (Rose-infused barfi garnished with fragrant rose petals),Rose Petal Barfi Rajputana (Elegant rose-infused barfi garnished with fragrant rose petals)
,"Churma Ladoo Rajsi Khazana (Traditional Rajasthani churma ladoos made with ghee, jaggery, and aromatic spices.)",Motichoor Ladoo Rajwada (Fine golden boondi pearls shaped into a festive royal ladoo),Motichoor Ladoo Rajwada (Fine golden boondi pearls combined into a classic festive ladoo)
,Meva Bati Shahi Vilas (Rich khoya dumplings generously filled with premium dry fruits and nuts.),Besan Ladoo Shahi Khazana (Ghee-roasted gram flour ladoos with rich nutty flavours),Besan Ladoo Shahi Khazana (Ghee-roasted gram flour ladoos with rich nutty flavours)
,Balushahi Darbari Delight (Flaky traditional Indian pastry glazed with fragrant sugar syrup for a delightful finish.),Dry Fruit Ladoo Rajsi Vilas (Premium ladoos loaded with assorted dry fruits and royal richness),Dry Fruit Ladoo Rajsi Vilas (Premium ladoos loaded with assorted dry fruits and royal richness)
,Imarti Shahi Crunch (Crisp and juicy urad dal spirals soaked in aromatic saffron sugar syrup.),"Churma Ladoo Rajsi Khazana (Traditional Rajasthani sweet made with wheat, ghee, jaggery, and spices)",Atta Ladoo Darbari Rasoi (Traditional wheat flour ladoos prepared with ghee and aromatic flavours)
,"Mawa Kachori Rajwada (A royal Rajasthani pastry stuffed with rich mawa and dry fruits, dipped in sugar syrup.)",Meva Bati Shahi Vilas (Golden sweet dumplings stuffed with rich dry fruits and flavours),Til Gur Ladoo Rajputana (Classic sesame and jaggery ladoos with authentic Rajasthani taste)
,Kaju Pista Roll Darbari (Elegant cashew rolls filled with pistachios for a luxurious bite.),Balushahi Darbari Delight (Flaky layered sweet glazed with sugar syrup and royal finish),"Churma Ladoo Rajsi Khazana (Traditional Rajasthani sweet made with wheat, ghee, jaggery, and spices)"
,Mysore Pak Shahi Rasoi (A classic South Indian gram flour delicacy enriched with pure ghee and rich flavours.),Imarti Shahi Crunch (Crispy spiral sweet soaked in saffron sugar syrup),Meva Bati Shahi Vilas (Golden sweet dumplings stuffed with rich dry fruits and flavours)
,"Malpua Rabdi Rajsi Vilas (Soft saffron-flavoured malpuas served with rich, creamy rabdi.)","Mawa Kachori Rajwada (Rajasthani sweet kachori filled with mawa, nuts, and aromatic spices)",Balushahi Darbari Delight (Flaky layered sweet glazed with sugar syrup and royal finish)
,"Rabdi Jalebi Royal Platter (Hot crispy jalebis paired with chilled, luscious rabdi for a timeless indulgence.)",Dry Fruit Roll Rajsi Khazana (Premium nut roll crafted with assorted dry fruits),Imarti Shahi Crunch (Crispy spiral sweet soaked in saffron sugar syrup)
,Stuffed Gulab Jamun Khazana (Soft gulab jamuns filled with premium dry fruits and soaked in fragrant sugar syrup.),Kaju Pista Roll Darbari (Smooth cashew and pistachio roll with royal richness),"Mawa Kachori Rajwada (Rajasthani sweet kachori filled with mawa, nuts, and aromatic spices)"
,,Mysore Pak Shahi Rasoi (Classic South Indian sweet made with ghee and gram flour),Dry Fruit Roll Rajsi Khazana (Premium nut roll crafted with assorted dry fruits)
,,Kaju Anjeer Roll Rajsi (Luxurious cashew and fig roll with premium flavours),Kaju Pista Roll Darbari (Smooth cashew and pistachio roll with royal richness)
,,Badam Pista Ladoo Darbari (Almond and pistachio ladoos with rich nutty taste),Paan Ladoo Shahi Vilas (Festive ladoo infused with traditional paan flavours and royal aroma)
,,Malpua Rabdi Rajsi Vilas (Traditional malpua served with creamy rich rabdi),"Gond Ladoo Rajputana (Traditional gond ladoos prepared with ghee, nuts, and wholesome ingredients)"
,,Ghewar Rabdi Shahi Angan (Classic Rajasthani ghewar paired with saffron rabdi),Mysore Pak Shahi Rasoi (Classic South Indian sweet made with ghee and gram flour)
,,"Gajar Halwa Shahi Kadai (Slow-cooked carrot halwa with milk, ghee, and dry fruits)",Soan Papdi Rajsi Delight (Flaky melt-in-mouth sweet with a light and delicate texture)
,,Rabdi Jalebi Royal Platter (Crispy jalebi served with creamy traditional rabdi),Kesar Soan Papdi Darbari (Saffron-infused flaky sweet with a royal festive touch)
,,Stuffed Gulab Jamun Khazana (Soft gulab jamuns filled with premium dry fruits),Patisa Khazana Shahi (Traditional layered sweet with rich ghee flavour and royal texture)
,,Kesar Gulab Jamun Rajsi (Classic gulab jamuns infused with saffron aroma),Kaju Anjeer Roll Rajsi (Luxurious cashew and fig roll with premium flavours)
,,Shahi Tukda Zafrani Rasoi (Royal bread pudding topped with saffron rabdi and nuts),Badam Pista Ladoo Darbari (Almond and pistachio ladoos with rich nutty taste)
,,,Malpua Rabdi Rajsi Vilas (Traditional malpua served with creamy rich rabdi)
,,,Ghewar Rabdi Shahi Angan (Classic Rajasthani ghewar paired with saffron rabdi)
,,,Balushahi Garma Garam Darbar (Freshly prepared flaky balushahi with warm royal sweetness)
,,,Imarti Rabdi Rajwada (Crispy imarti paired with rich creamy rabdi)
,,,"Gajar Halwa Shahi Kadai (Slow-cooked carrot halwa with milk, ghee, and dry fruits)"
,,,Atta Halwa Rajputana Rasoi (Traditional wheat halwa prepared with pure ghee and flavours)
,,,Badam Halwa Zafrani Khazana (Rich almond halwa infused with saffron and royal spices)
,,,Anjeer Halwa Shahi Vilas (Premium fig halwa with dry fruits and luxurious texture)
,,,Kaju Halwa Darbari Delight (Creamy cashew halwa with rich royal flavours)
,,,Pista Halwa Rajsi Indulgence (Premium pistachio halwa with smooth festive richness)
,,,Chocolate Jalebi Fusion Shahi (Crispy jalebi infused with decadent chocolate flavours)
,,,Gur Jalebi Desi Khaas (Traditional jaggery jalebi with authentic Indian sweetness)
,,,Rabdi Jalebi Royal Platter (Crispy jalebi served with creamy traditional rabdi)
,,,Paneer Jalebi Shahi Twist (Soft paneer-based jalebi with royal sweetness)
,,,Malai Ghewar Live Rajwada (Freshly prepared ghewar topped with creamy malai and nuts)
,,,Stuffed Gulab Jamun Khazana (Soft gulab jamuns filled with premium dry fruits)
,,,Kesar Gulab Jamun Rajsi (Classic gulab jamuns infused with saffron aroma)
,,,Rabdi Gulab Jamun Darbar (Juicy gulab jamuns served with rich creamy rabdi)
,,,Mini Malpua Shot Vilas (Bite-sized malpua served as elegant dessert portions)
,,,Shahi Tukda Zafrani Rasoi (Royal bread pudding topped with saffron rabdi and nuts)
,,,Double Ka Meetha Darbari (Hyderabadi-style bread dessert with milk and dry fruits)
,,,Kesar Phirni Live Handi (Live-served saffron rice pudding in traditional handi)
,,,Rabdi Malai Khazana Shahi (Rich creamy rabdi dessert with malai and royal flavours)
,,,Doodh Jalebi Rajputana Fusion (Traditional milk-soaked jalebi with royal presentation)
,,,Gond Halwa Rajwada Vilas (Traditional gond halwa prepared with ghee and dry fruits)
,,,Singhare Halwa Shahi Rasoi (Special water chestnut halwa with rich festive flavours)
,,,Makhan Mishri Darbari Delight (Classic creamy butter and crystal sugar delicacy)
,,,Til Gur Halwa Rajsi (Sesame and jaggery halwa with traditional richness)
,,,Dry Fruit Halwa Khazana Shahi (Premium halwa loaded with assorted dry fruits)
,,,Mewa Malpua Royal Indulgence (Rich malpua topped with premium nuts and royal flavours)
,,,
,,,
The Royal Dessert Atelier,Choice of 2,Choice of 2,Choice of 4
,,,
,Chocolate Motichoor Ladoo Rajsi Fusion (Classic motichoor ladoo blended with rich chocolate flavours for a royal fusion experience),Chocolate Motichoor Ladoo Rajsi Fusion (Classic motichoor ladoo blended with rich chocolate flavours for a royal fusion experience),Chocolate Motichoor Ladoo Rajsi Fusion (Classic motichoor ladoo blended with rich chocolate flavours for a royal fusion experience)
,Belgian Chocolate Barfi Darbari (Silky Belgian chocolate blended with traditional barfi for an indulgent royal dessert),Belgian Chocolate Barfi Darbari (Silky Belgian chocolate combined with traditional barfi for an indulgent royal dessert),Belgian Chocolate Barfi Darbari (Silky Belgian chocolate combined with traditional barfi for an indulgent royal dessert)
,Chocolate Peda Shahi Indulgence (Soft milk peda blended with rich chocolate flavours and royal sweetness),Chocolate Peda Shahi Indulgence (Soft milk peda blended with rich chocolate flavours and royal sweetness),Chocolate Peda Shahi Indulgence (Soft milk peda blended with rich chocolate flavours and royal sweetness)
,Chocolate Ghewar Vilas (Traditional ghewar infused with chocolate richness and a modern dessert twist),Chocolate Ghewar Vilas (Traditional ghewar infused with chocolate richness and a modern dessert twist),Chocolate Ghewar Vilas (Traditional ghewar infused with chocolate richness and a modern dessert twist)
,Nutella Ladoo Rajwada Delight (Premium ladoo crafted with creamy hazelnut chocolate and festive flavours),Nutella Ladoo Rajwada Delight (Premium ladoo crafted with creamy hazelnut chocolate and festive flavours),Nutella Ladoo Rajwada Delight (Premium ladoo crafted with creamy hazelnut chocolate and festive flavours)
,Chocolate Kaju Katli Royale (Classic kaju katli enhanced with indulgent chocolate notes and royal finish),Chocolate Kaju Katli Royale (Classic kaju katli enhanced with indulgent chocolate notes and royal finish),Chocolate Kaju Katli Royale (Classic kaju katli enhanced with indulgent chocolate notes and royal finish)
,Choco Anjeer Barfi Khazana (Luxury fig barfi combined with rich chocolate and dry fruit flavours),Choco Anjeer Barfi Khazana (Luxury fig barfi combined with rich chocolate and dry fruit flavours),Choco Anjeer Barfi Khazana (Luxury fig barfi combined with rich chocolate and dry fruit flavours)
,Brownie Barfi Rajsi Treat (Fusion dessert combining fudgy brownie flavours with traditional barfi texture),Brownie Barfi Rajsi Treat (Fusion dessert combining fudgy brownie flavours with traditional barfi texture),Brownie Barfi Rajsi Treat (Fusion dessert combining fudgy brownie flavours with traditional barfi texture)
,Chocolate Mysore Pak Darbari (Classic Mysore pak enriched with smooth chocolate and ghee richness),Chocolate Mysore Pak Darbari (Classic Mysore pak enriched with smooth chocolate and ghee richness),Chocolate Mysore Pak Darbari (Classic Mysore pak enriched with smooth chocolate and ghee richness)
,Chocolate Soan Papdi Fusion (Flaky traditional soan papdi blended with decadent chocolate flavours),Chocolate Soan Papdi Fusion (Flaky traditional soan papdi blended with decadent chocolate flavours),Chocolate Soan Papdi Fusion (Flaky traditional soan papdi blended with decadent chocolate flavours)
,Strawberry Pista Barfi Rajsi (Premium barfi combining fresh strawberry notes with rich pistachio flavours),Strawberry Pista Barfi Rajsi (Premium barfi combining fresh strawberry notes with rich pistachio flavours),Strawberry Pista Barfi Rajsi (Premium barfi combining fresh strawberry notes with rich pistachio flavours)
,Mango Kalakand Shahi Vilas (Soft milk kalakand infused with tropical mango sweetness),Mango Kalakand Shahi Vilas (Soft milk kalakand infused with tropical mango sweetness),Mango Kalakand Shahi Vilas (Soft milk kalakand infused with tropical mango sweetness)
,Blueberry Barfi Darbari Delight (Modern fruit-inspired barfi with exotic blueberry flavours),Blueberry Barfi Darbari Delight (Modern fruit-inspired barfi with exotic blueberry flavours),Blueberry Barfi Darbari Delight (Modern fruit-inspired barfi with exotic blueberry flavours)
,Orange Zest Kaju Katli Rajwada (Classic kaju katli infused with refreshing citrus orange zest),Orange Zest Kaju Katli Rajwada (Classic kaju katli infused with refreshing citrus orange zest),Orange Zest Kaju Katli Rajwada (Classic kaju katli infused with refreshing citrus orange zest)
,Pineapple Coconut Barfi Khazana (Tropical fusion of pineapple and coconut with traditional mithai craftsmanship),Pineapple Coconut Barfi Khazana (Tropical fusion of pineapple and coconut with traditional mithai craftsmanship),Pineapple Coconut Barfi Khazana (Tropical fusion of pineapple and coconut with traditional mithai craftsmanship)
,Anjeer Walnut Fusion Roll Rajsi (Premium fig and walnut roll with rich nutty flavours),Anjeer Walnut Fusion Roll Rajsi (Premium fig and walnut roll with rich nutty flavours),Anjeer Walnut Fusion Roll Rajsi (Premium fig and walnut roll with rich nutty flavours)
,Rose Gulkand Ladoo Shahi (Royal ladoo infused with fragrant rose and traditional gulkand),Rose Gulkand Ladoo Shahi (Royal ladoo infused with fragrant rose and traditional gulkand),Rose Gulkand Ladoo Shahi (Royal ladoo infused with fragrant rose and traditional gulkand)
,Paan Chocolate Ladoo Darbar (Fusion ladoo combining chocolate richness with aromatic paan flavours),Paan Chocolate Ladoo Darbar (Fusion ladoo combining chocolate richness with aromatic paan flavours),Paan Chocolate Ladoo Darbar (Fusion ladoo combining chocolate richness with aromatic paan flavours)
,Dry Fruit Berry Delight Barfi (Premium dry fruit barfi blended with vibrant berry flavours),Dry Fruit Berry Delight Barfi (Premium dry fruit barfi blended with vibrant berry flavours),Dry Fruit Berry Delight Barfi (Premium dry fruit barfi blended with vibrant berry flavours)
,Apple Cinnamon Halwa Fusion Rajsi (Warm apple halwa infused with aromatic cinnamon and royal spices),Apple Cinnamon Halwa Fusion Rajsi (Warm apple halwa infused with aromatic cinnamon and royal spices),Apple Cinnamon Halwa Fusion Rajsi (Warm apple halwa infused with aromatic cinnamon and royal spices)
,,Rasmalai Cheesecake Bites Shahi (Mini cheesecake bites inspired by classic rasmalai with saffron and milk flavours),Rasmalai Cheesecake Bites Shahi (Mini cheesecake bites inspired by classic rasmalai with saffron and milk flavours)
,,Gulab Jamun Cheesecake Rajsi (Fusion cheesecake combining soft gulab jamun with creamy dessert richness),Gulab Jamun Cheesecake Rajsi (Fusion cheesecake combining soft gulab jamun with creamy dessert richness)
,,Motichoor Ladoo Cheesecake Vilas (Modern cheesecake layered with traditional motichoor ladoo flavours),Motichoor Ladoo Cheesecake Vilas (Modern cheesecake layered with traditional motichoor ladoo flavours)
,,Rabdi Tres Leches Darbari (Creamy tres leches dessert infused with rich Indian rabdi flavours),Rabdi Tres Leches Darbari (Creamy tres leches dessert infused with rich Indian rabdi flavours)
,,Kalakand Cheesecake Khazana (Traditional milk kalakand blended with smooth cheesecake texture),Kalakand Cheesecake Khazana (Traditional milk kalakand blended with smooth cheesecake texture)
,,Paan Mousse Mithai Cups Rajwada (Elegant mousse cups infused with aromatic paan flavours and festive sweetness),Paan Mousse Mithai Cups Rajwada (Elegant mousse cups infused with aromatic paan flavours and festive sweetness)
,,Kesar Phirni Tartlets Shahi (Delicate tartlets filled with saffron-infused creamy phirni),Kesar Phirni Tartlets Shahi (Delicate tartlets filled with saffron-infused creamy phirni)
,,Ghewar Cheesecake Rajsi Delight (Royal fusion of traditional ghewar and creamy cheesecake),Ghewar Cheesecake Rajsi Delight (Royal fusion of traditional ghewar and creamy cheesecake)
,,Malai Sandwich Fusion Vilas (Soft malai sandwich dessert with a modern fusion presentation),Malai Sandwich Fusion Vilas (Soft malai sandwich dessert with a modern fusion presentation)
,,"Rabdi Parfait Royal Indulgence (Layered parfait featuring rich rabdi, cream, and royal dessert flavours)","Rabdi Parfait Royal Indulgence (Layered parfait featuring rich rabdi, cream, and royal dessert flavours)"
,,,Gold Dust Dry Fruit Ladoo Rajsi (Premium dry fruit ladoo finished with a luxurious gold dust garnish)
,,,Pista Anjeer Katli Shahi Khazana (Elegant pistachio and fig katli blended into a royal nutty delicacy)
,,,Kaju Paan Roll Darbari Delight (Smooth cashew roll infused with refreshing traditional paan flavours)
,,,Badam Chocolate Crunch Vilas (Almond-based sweet enhanced with chocolate richness and crunchy texture)
,,,Luxury Nut Truffle Mithai Rajwada (Premium nut truffles crafted with rich flavours and royal presentation)
,,,Kaju Cranberry Fusion Barfi Rajsi (Classic kaju barfi combined with tangy cranberries for a modern twist)
,,,Pista Rose Delight Darbari (Premium pistachio sweet infused with fragrant rose flavours)
,,,Dry Fruit Baklava Mithai Rajputana (Fusion of traditional baklava layers with Indian dry fruit mithai flavours)
,,,Dates Nut Fusion Ladoo Shahi (Healthy indulgent ladoos made with dates and premium assorted nuts)
,,,Kaju Coffee Fusion Katli Vilas (Classic kaju katli infused with rich coffee notes and a modern flavour profile)
,,,
,,,
The Artisan Papad Selection,Choose Any 2,Choose Any 4,Choose any 6
,Royal Roasted Papad Darbar (Crispy roasted papad prepared with traditional spices and royal flavours),Royal Roasted Papad Darbar (Crispy roasted papad prepared with traditional spices and royal flavours),Royal Roasted Papad Darbar (Crispy roasted papad prepared with traditional spices and royal flavours)
,Shahi Masala Papad Khazana (Classic papad topped with aromatic masala and a blend of royal spices),Shahi Masala Papad Khazana (Classic papad topped with aromatic masala and a blend of royal spices),Shahi Masala Papad Khazana (Classic papad topped with aromatic masala and a blend of royal spices)
,Rajwadi Lahsun Papad Vilas (Crispy garlic-flavoured papad inspired by traditional Rajwadi cuisine),Rajwadi Lahsun Papad Vilas (Crispy garlic-flavoured papad inspired by traditional Rajwadi cuisine),Rajwadi Lahsun Papad Vilas (Crispy garlic-flavoured papad inspired by traditional Rajwadi cuisine)
,Jeera Kali Mirch Papad Rajsi (Crunchy papad infused with fragrant cumin and spicy black pepper notes),Jeera Kali Mirch Papad Rajsi (Crunchy papad infused with fragrant cumin and spicy black pepper notes),Jeera Kali Mirch Papad Rajsi (Crunchy papad infused with fragrant cumin and spicy black pepper notes)
,Pudina Masala Papad Royale (Refreshing mint-flavoured papad blended with aromatic masala seasoning),Pudina Masala Papad Royale (Refreshing mint-flavoured papad blended with aromatic masala seasoning),Pudina Masala Papad Royale (Refreshing mint-flavoured papad blended with aromatic masala seasoning)
,Ajwain Crispy Papad Shahi (Light and crispy papad enhanced with the warm flavours of ajwain),Ajwain Crispy Papad Shahi (Light and crispy papad enhanced with the warm flavours of ajwain),Ajwain Crispy Papad Shahi (Light and crispy papad enhanced with the warm flavours of ajwain)
,Khichiya Papad Rajputana (Traditional Gujarati-style khichiya papad with authentic rustic flavours),Khichiya Papad Rajputana (Traditional Gujarati-style khichiya papad with authentic rustic flavours),Khichiya Papad Rajputana (Traditional Gujarati-style khichiya papad with authentic rustic flavours)
,Moong Papad Darbari (Premium moong dal papad with a delicate crunch and traditional taste),Moong Papad Darbari (Premium moong dal papad with a delicate crunch and traditional taste),Moong Papad Darbari (Premium moong dal papad with a delicate crunch and traditional taste)
,Chana Dal Papad Shahi Rasoi (Crispy chana dal papad crafted with classic Indian spices),Chana Dal Papad Shahi Rasoi (Crispy chana dal papad crafted with classic Indian spices),Chana Dal Papad Shahi Rasoi (Crispy chana dal papad crafted with classic Indian spices)
,Pepper Papad Rajsi Delight (Crunchy papad infused with bold pepper flavours and royal seasoning),Pepper Papad Rajsi Delight (Crunchy papad infused with bold pepper flavours and royal seasoning),Pepper Papad Rajsi Delight (Crunchy papad infused with bold pepper flavours and royal seasoning)
,,Sindhi Double Papad Vilas (Traditional Sindhi-style double papad with extra crispiness and authentic taste),Sindhi Double Papad Vilas (Traditional Sindhi-style double papad with extra crispiness and authentic taste)
,,Rajasthani Bikaneri Papad Khazana (Famous Bikaneri papad prepared with traditional spices and heritage flavours),Rajasthani Bikaneri Papad Khazana (Famous Bikaneri papad prepared with traditional spices and heritage flavours)
,,Multigrain Papad Royale (Healthy fusion papad made with assorted grains and aromatic spices),Multigrain Papad Royale (Healthy fusion papad made with assorted grains and aromatic spices)
,,Urad Dal Papad Darbar (Classic urad dal papad with rich flavour and perfect crisp texture),Urad Dal Papad Darbar (Classic urad dal papad with rich flavour and perfect crisp texture)
,,Green Chilli Papad Shahi (Spicy papad infused with fresh green chilli flavours for a bold taste),Green Chilli Papad Shahi (Spicy papad infused with fresh green chilli flavours for a bold taste)
,,Cheese Masala Papad Fusion (Modern fusion papad topped with cheesy richness and spicy masala),Cheese Masala Papad Fusion (Modern fusion papad topped with cheesy richness and spicy masala)
,,Corn Papad Rajsi Vilas (Crunchy corn-based papad with a unique royal flavour profile),Corn Papad Rajsi Vilas (Crunchy corn-based papad with a unique royal flavour profile)
,,Til Masala Papad Darbari (Sesame-infused papad blended with aromatic Indian spices),Til Masala Papad Darbari (Sesame-infused papad blended with aromatic Indian spices)
,,Achari Papad Khazana (Tangy pickle-inspired papad with traditional achari flavours),Achari Papad Khazana (Tangy pickle-inspired papad with traditional achari flavours)
,,Tandoori Masala Papad Royale (Smoky tandoori-style papad seasoned with royal masala flavours),Tandoori Masala Papad Royale (Smoky tandoori-style papad seasoned with royal masala flavours)
,,,Black Pepper Papad Imperial (Premium papad infused with bold black pepper and aromatic spices)
,,,Mint Herb Papad Rajwada (Refreshing papad blended with mint and fragrant herb seasoning)
,,,Peri Peri Papad Fusion (Modern spicy papad infused with peri peri flavours)
,,,Methi Masala Papad Vilas (Crispy papad enriched with fenugreek and traditional masala flavours)
,,,Cumin Crunch Papad Darbar (Golden crispy papad with the earthy aroma of roasted cumin)
,,,Garlic Butter Papad Royale (Crispy papad enhanced with rich garlic and buttery flavours)
,,,Smoked Chilli Papad Khazana (Bold papad infused with smoky chilli flavours and royal spices)
,,,Hing Jeera Papad Rajsi (Traditional papad featuring the classic combination of asafoetida and cumin)
,,,Classic Fried Papad Shahi (Traditional deep-fried papad with a crisp golden texture)
,,,Assorted Gourmet Papad Platter Rajwada (Royal selection of premium papads with diverse flavours and textures)
,,,
,,,
The Bread Atelier,Choose Any 4,Choose Any 6,Choose Any 8
,Royal Tandoori Roti Darbar (Traditional clay oven baked roti with a rustic smoky flavour and royal touch),Royal Tandoori Roti Darbar (Traditional clay oven baked roti with a rustic smoky flavour and royal touch),Royal Tandoori Roti Darbar (Traditional clay oven baked roti with a rustic smoky flavour and royal touch)
,Shahi Butter Naan Vilas (Soft and fluffy naan brushed with rich butter for a luxurious taste),Shahi Butter Naan Vilas (Soft and fluffy naan brushed with rich butter for a luxurious taste),Shahi Butter Naan Vilas (Soft and fluffy naan brushed with rich butter for a luxurious taste)
,Rajwadi Laccha Paratha Khazana (Multi-layered flaky paratha prepared with traditional Rajwadi flavours),Rajwadi Laccha Paratha Khazana (Multi-layered flaky paratha prepared with traditional Rajwadi flavours),Rajwadi Laccha Paratha Khazana (Multi-layered flaky paratha prepared with traditional Rajwadi flavours)
,Garlic Butter Naan Royale (Classic naan infused with aromatic garlic and finished with rich butter),Garlic Butter Naan Royale (Classic naan infused with aromatic garlic and finished with rich butter),Garlic Butter Naan Royale (Classic naan infused with aromatic garlic and finished with rich butter)
,Hariyali Pudina Naan Shahi (Fresh herb naan blended with mint and green flavours for a refreshing taste),Hariyali Pudina Naan Shahi (Fresh herb naan blended with mint and green flavours for a refreshing taste),Hariyali Pudina Naan Shahi (Fresh herb naan blended with mint and green flavours for a refreshing taste)
,Missi Roti Rajputana (Traditional Rajasthani gram flour roti with aromatic spices and rustic flavours),Missi Roti Rajputana (Traditional Rajasthani gram flour roti with aromatic spices and rustic flavours),Missi Roti Rajputana (Traditional Rajasthani gram flour roti with aromatic spices and rustic flavours)
,Ajwain Paratha Darbari (Flaky paratha enhanced with fragrant ajwain and traditional seasoning),Ajwain Paratha Darbari (Flaky paratha enhanced with fragrant ajwain and traditional seasoning),Ajwain Paratha Darbari (Flaky paratha enhanced with fragrant ajwain and traditional seasoning)
,"Makhmali Roomali Roti Vilas (Ultra-soft, thin roomali roti with a delicate melt-in-mouth texture)","Makhmali Roomali Roti Vilas (Ultra-soft, thin roomali roti with a delicate melt-in-mouth texture)","Makhmali Roomali Roti Vilas (Ultra-soft, thin roomali roti with a delicate melt-in-mouth texture)"
,Kulcha-e-Khaas Rajsi (Special stuffed kulcha prepared with rich fillings and royal flavours),Kulcha-e-Khaas Rajsi (Special stuffed kulcha prepared with rich fillings and royal flavours),Kulcha-e-Khaas Rajsi (Special stuffed kulcha prepared with rich fillings and royal flavours)
,Tandoori Butter Roti Imperial (Classic tandoori roti finished with a layer of premium butter),Tandoori Butter Roti Imperial (Classic tandoori roti finished with a layer of premium butter),Tandoori Butter Roti Imperial (Classic tandoori roti finished with a layer of premium butter)
,,Stuffed Kulcha Khazana (Soft kulcha filled with flavorful stuffing and traditional Indian spices),Stuffed Kulcha Khazana (Soft kulcha filled with flavorful stuffing and traditional Indian spices)
,,Methi Malai Paratha Royale (Flaky paratha infused with fenugreek and creamy malai flavours),Methi Malai Paratha Royale (Flaky paratha infused with fenugreek and creamy malai flavours)
,,Kalonji Naan Darbar (Classic naan topped with aromatic nigella seeds for a rich flavour),Kalonji Naan Darbar (Classic naan topped with aromatic nigella seeds for a rich flavour)
,,Cheese Garlic Naan Shahi (Fusion naan loaded with cheese and aromatic garlic flavours),Cheese Garlic Naan Shahi (Fusion naan loaded with cheese and aromatic garlic flavours)
,,Paneer Kulcha Rajsi Vilas (Soft kulcha stuffed with spiced paneer filling and royal seasoning),Paneer Kulcha Rajsi Vilas (Soft kulcha stuffed with spiced paneer filling and royal seasoning)
,,Mirchi Dhaniya Paratha Khazana (Flaky paratha enriched with green chilli and fresh coriander flavours),Mirchi Dhaniya Paratha Khazana (Flaky paratha enriched with green chilli and fresh coriander flavours)
,,Makki Ki Roti Rajputana (Traditional corn flour roti with authentic Rajasthani rustic taste),Makki Ki Roti Rajputana (Traditional corn flour roti with authentic Rajasthani rustic taste)
,,Palak Laccha Paratha Darbari (Layered paratha blended with spinach and aromatic spices),Palak Laccha Paratha Darbari (Layered paratha blended with spinach and aromatic spices)
,,Sesame Naan Royale (Soft naan topped with roasted sesame seeds and royal flavours),Sesame Naan Royale (Soft naan topped with roasted sesame seeds and royal flavours)
,,Whole Wheat Tandoori Roti Shahi (Healthy whole wheat roti baked in tandoor with traditional smoky aroma),Whole Wheat Tandoori Roti Shahi (Healthy whole wheat roti baked in tandoor with traditional smoky aroma)
,,,Peshawari Naan Khazana (Royal naan stuffed with dry fruits and nuts inspired by Peshawari flavours)
,,,Badami Naan Darbari (Soft almond-infused naan with rich nutty flavours and royal finish)
,,,Kashmiri Naan Rajsi (Traditional naan enriched with dry fruits and aromatic Kashmiri flavours)
,,,Herb Focaccia Fusion Royale (Italian-style focaccia infused with fresh herbs and gourmet flavours)
,,,Olive & Rosemary Flatbread Vilas (Mediterranean-inspired flatbread with olives and fragrant rosemary)
,,,"Spinach Corn Kulcha Shahi (Soft kulcha stuffed with spinach, corn, and aromatic spices)"
,,,Masala Laccha Paratha Imperial (Flaky layered paratha enhanced with royal Indian masala flavours)
,,,Beetroot Tandoori Roti Fusion (Healthy tandoori roti infused with beetroot and vibrant flavours)
,,,Multigrain Naan Rajputana (Nutritious naan crafted with assorted grains and traditional spices)
,,,Royal Assorted Bread Basket Darbar (Premium selection of assorted breads served with royal presentation)
,,,
,,,
Pickle Cellar,Choose Any 2,Choose Any 4,Choose Any 6
,,,
,Royal Mango Pickle Darbar (Traditional raw mango pickle blended with aromatic spices and authentic royal flavours),Royal Mango Pickle Darbar (Traditional raw mango pickle blended with aromatic spices and authentic royal flavours),Royal Mango Pickle Darbar (Traditional raw mango pickle blended with aromatic spices and authentic royal flavours)
,Shahi Mixed Vegetable Pickle Khazana (Assorted seasonal vegetables pickled with rich Indian spices and royal seasoning),Shahi Mixed Vegetable Pickle Khazana (Assorted seasonal vegetables pickled with rich Indian spices and royal seasoning),Shahi Mixed Vegetable Pickle Khazana (Assorted seasonal vegetables pickled with rich Indian spices and royal seasoning)
,Lal Mirch Bharwa Pickle Rajsi (Stuffed red chilli pickle filled with aromatic spices and traditional flavours),Lal Mirch Bharwa Pickle Rajsi (Stuffed red chilli pickle filled with aromatic spices and traditional flavours),Lal Mirch Bharwa Pickle Rajsi (Stuffed red chilli pickle filled with aromatic spices and traditional flavours)
,Lemon Ginger Pickle Vilas (Tangy lemon pickle infused with refreshing ginger and classic Indian spices),Lemon Ginger Pickle Vilas (Tangy lemon pickle infused with refreshing ginger and classic Indian spices),Lemon Ginger Pickle Vilas (Tangy lemon pickle infused with refreshing ginger and classic Indian spices)
,Green Chilli Pickle Royale (Spicy green chilli pickle prepared with fragrant masalas and royal taste),Green Chilli Pickle Royale (Spicy green chilli pickle prepared with fragrant masalas and royal taste),Green Chilli Pickle Royale (Spicy green chilli pickle prepared with fragrant masalas and royal taste)
,Garlic Pickle Shahi Rasoi (Bold garlic pickle blended with traditional spices for a rich flavour),Garlic Pickle Shahi Rasoi (Bold garlic pickle blended with traditional spices for a rich flavour),Garlic Pickle Shahi Rasoi (Bold garlic pickle blended with traditional spices for a rich flavour)
,Rajasthani Ker Sangri Pickle Rajputana (Authentic desert pickle featuring ker and sangri with traditional Rajasthani spices),Rajasthani Ker Sangri Pickle Rajputana (Authentic desert pickle featuring ker and sangri with traditional Rajasthani spices),Rajasthani Ker Sangri Pickle Rajputana (Authentic desert pickle featuring ker and sangri with traditional Rajasthani spices)
,Amla Spice Pickle Darbari (Nutritious amla pickle enhanced with aromatic spices and tangy flavours),Amla Spice Pickle Darbari (Nutritious amla pickle enhanced with aromatic spices and tangy flavours),Amla Spice Pickle Darbari (Nutritious amla pickle enhanced with aromatic spices and tangy flavours)
,Sweet Lime Pickle Khazana (Sweet and tangy lime pickle with a perfect balance of spices and flavours),Sweet Lime Pickle Khazana (Sweet and tangy lime pickle with a perfect balance of spices and flavours),Sweet Lime Pickle Khazana (Sweet and tangy lime pickle with a perfect balance of spices and flavours)
,Mango Chunda Rajsi Vilas (Traditional Gujarati-style sweet mango preserve with a royal blend of spices),Mango Chunda Rajsi Vilas (Traditional Gujarati-style sweet mango preserve with a royal blend of spices),Mango Chunda Rajsi Vilas (Traditional Gujarati-style sweet mango preserve with a royal blend of spices)
,,Stuffed Red Chilli Pickle Darbar (Premium stuffed chilli pickle prepared with a flavorful spice filling),Stuffed Red Chilli Pickle Darbar (Premium stuffed chilli pickle prepared with a flavorful spice filling)
,,Lotus Stem Pickle Royale (Unique lotus stem pickle infused with traditional Indian masalas and tangy flavours),Lotus Stem Pickle Royale (Unique lotus stem pickle infused with traditional Indian masalas and tangy flavours)
,,"Carrot Turnip Pickle Shahi (Classic North Indian pickle made with crunchy carrots, turnips, and aromatic spices)","Carrot Turnip Pickle Shahi (Classic North Indian pickle made with crunchy carrots, turnips, and aromatic spices)"
,,Raw Turmeric Pickle Rajsi (Fresh turmeric pickle prepared with bold spices and traditional wellness flavours),Raw Turmeric Pickle Rajsi (Fresh turmeric pickle prepared with bold spices and traditional wellness flavours)
,,Jackfruit Pickle Khazana (Rustic jackfruit pickle blended with authentic spices and rich tangy flavours),Jackfruit Pickle Khazana (Rustic jackfruit pickle blended with authentic spices and rich tangy flavours)
,,Olive Pickle Fusion Vilas (Modern fusion pickle combining olives with Indian pickle spices),Olive Pickle Fusion Vilas (Modern fusion pickle combining olives with Indian pickle spices)
,,"Dates & Tamarind Pickle Darbari (Sweet and tangy pickle crafted with dates, tamarind, and aromatic spices)","Dates & Tamarind Pickle Darbari (Sweet and tangy pickle crafted with dates, tamarind, and aromatic spices)"
,,Panchranga Pickle Rajputana (Traditional five-vegetable pickle with a vibrant mix of spices and flavours),Panchranga Pickle Rajputana (Traditional five-vegetable pickle with a vibrant mix of spices and flavours)
,,Tender Mango Pickle Imperial (Premium tender mango pickle prepared with royal spices and classic taste),Tender Mango Pickle Imperial (Premium tender mango pickle prepared with royal spices and classic taste)
,,Green Garlic Pickle Royale (Fresh green garlic pickle infused with aromatic masalas and bold flavours),Green Garlic Pickle Royale (Fresh green garlic pickle infused with aromatic masalas and bold flavours)
,,,Kachri Pickle Rajwada (Traditional Rajasthani kachri pickle with rustic flavours and aromatic spices)
,,,Gunda Mango Pickle Khazana (Royal combination of gunda berries and mango blended with traditional spices)
,,,Beetroot Pickle Fusion Shahi (Vibrant beetroot pickle with a modern twist and balanced tangy flavours)
,,,Pear Pickle Rajsi Vilas (Unique fruit pickle combining sweet pear notes with Indian spices)
,,,Apple Cinnamon Pickle Royale (Fusion pickle featuring sweet apple flavours with warm cinnamon aroma)
,,,Kairi Methi Pickle Darbar (Raw mango pickle enhanced with fenugreek and traditional spices)
,,,Sweet Chilli Pickle Khazana (Perfect balance of sweet and spicy chilli flavours with aromatic seasoning)
,,,Cranberry Pickle Fusion Rajsi (Modern cranberry pickle with tangy fruitiness and Indian spices)
,,,Smoked Garlic Pickle Imperial (Bold smoked garlic pickle with rich spices and deep flavours)
,,,Royal Heritage Pickle Selection Darbari (Premium assortment of traditional and gourmet pickles representing royal culinary heritage)
,,,
,,,
The Curd Creations,Choose Any 2,Choose Any 4,Choose Any 6
,,,
,Royal Plain Curd Darbar (Fresh and creamy homemade curd with a smooth texture and traditional richness),Royal Plain Curd Darbar (Fresh and creamy homemade curd with a smooth texture and traditional richness),Royal Plain Curd Darbar (Fresh and creamy homemade curd with a smooth texture and traditional richness)
,Shahi Boondi Raita Vilas (Creamy curd blended with spiced boondi and aromatic Indian seasonings),Shahi Boondi Raita Vilas (Creamy curd blended with spiced boondi and aromatic Indian seasonings),Shahi Boondi Raita Vilas (Creamy curd blended with spiced boondi and aromatic Indian seasonings)
,Mint Pudina Raita Rajsi (Refreshing curd infused with fresh mint and cooling herbs),Mint Pudina Raita Rajsi (Refreshing curd infused with fresh mint and cooling herbs),Mint Pudina Raita Rajsi (Refreshing curd infused with fresh mint and cooling herbs)
,Cucumber Delight Raita Khazana (Cool cucumber raita prepared with fresh curd and delicate spices),Cucumber Delight Raita Khazana (Cool cucumber raita prepared with fresh curd and delicate spices),Cucumber Delight Raita Khazana (Cool cucumber raita prepared with fresh curd and delicate spices)
,Pineapple Raita Royale (Sweet and tangy pineapple blended with creamy curd and royal flavours),Pineapple Raita Royale (Sweet and tangy pineapple blended with creamy curd and royal flavours),Pineapple Raita Royale (Sweet and tangy pineapple blended with creamy curd and royal flavours)
,Mixed Vegetable Raita Shahi (Classic raita enriched with assorted fresh vegetables and aromatic spices),Mixed Vegetable Raita Shahi (Classic raita enriched with assorted fresh vegetables and aromatic spices),Mixed Vegetable Raita Shahi (Classic raita enriched with assorted fresh vegetables and aromatic spices)
,Beetroot Raita Rajputana (Vibrant beetroot raita with creamy curd and traditional seasoning),Beetroot Raita Rajputana (Vibrant beetroot raita with creamy curd and traditional seasoning),Beetroot Raita Rajputana (Vibrant beetroot raita with creamy curd and traditional seasoning)
,Lauki Raita Darbari (Light and refreshing bottle gourd raita with subtle Indian spices),Lauki Raita Darbari (Light and refreshing bottle gourd raita with subtle Indian spices),Lauki Raita Darbari (Light and refreshing bottle gourd raita with subtle Indian spices)
,Fruit Raita Rajsi Vilas (Royal combination of seasonal fruits blended with creamy curd),Fruit Raita Rajsi Vilas (Royal combination of seasonal fruits blended with creamy curd),Fruit Raita Rajsi Vilas (Royal combination of seasonal fruits blended with creamy curd)
,Masala Curd Imperial (Thick curd seasoned with aromatic spices for a rich and flavourful accompaniment),Masala Curd Imperial (Thick curd seasoned with aromatic spices for a rich and flavourful accompaniment),Masala Curd Imperial (Thick curd seasoned with aromatic spices for a rich and flavourful accompaniment)
,,"Mint & Coriander Raita Khazana (Refreshing blend of mint, coriander, and creamy curd with aromatic spices)","Mint & Coriander Raita Khazana (Refreshing blend of mint, coriander, and creamy curd with aromatic spices)"
,,Aloo Pudina Raita Darbar (Creamy potato raita infused with fresh mint and traditional flavours),Aloo Pudina Raita Darbar (Creamy potato raita infused with fresh mint and traditional flavours)
,,Palak Raita Royale (Smooth spinach-infused raita with delicate spices and rich curd texture),Palak Raita Royale (Smooth spinach-infused raita with delicate spices and rich curd texture)
,,Carrot Raita Shahi Rasoi (Fresh carrot raita prepared with creamy curd and subtle seasoning),Carrot Raita Shahi Rasoi (Fresh carrot raita prepared with creamy curd and subtle seasoning)
,,Onion Tomato Raita Rajsi (Classic onion and tomato raita with balanced spices and refreshing flavours),Onion Tomato Raita Rajsi (Classic onion and tomato raita with balanced spices and refreshing flavours)
,,Roasted Jeera Curd Vilas (Creamy curd enhanced with aromatic roasted cumin for a traditional taste),Roasted Jeera Curd Vilas (Creamy curd enhanced with aromatic roasted cumin for a traditional taste)
,,Dry Fruit Raita Darbari (Luxurious raita loaded with assorted dry fruits and royal flavours),Dry Fruit Raita Darbari (Luxurious raita loaded with assorted dry fruits and royal flavours)
,,Pomegranate Raita Khazana (Creamy curd combined with juicy pomegranate pearls and mild spices),Pomegranate Raita Khazana (Creamy curd combined with juicy pomegranate pearls and mild spices)
,,Makhana Raita Rajputana (Royal fox nut raita with creamy curd and traditional seasoning),Makhana Raita Rajputana (Royal fox nut raita with creamy curd and traditional seasoning)
,,Burhani Raita Imperial (Hyderabadi-style garlic-infused raita with rich flavours and royal touch),Burhani Raita Imperial (Hyderabadi-style garlic-infused raita with rich flavours and royal touch)
,,,Anardana Raita Rajsi (Refreshing curd blended with tangy pomegranate seeds and aromatic spices)
,,,Corn Mint Raita Darbar (Creamy corn raita enhanced with fresh mint and subtle seasoning)
,,,Spinach Garlic Raita Shahi (Smooth spinach raita infused with aromatic garlic flavours)
,,,Kesar Malai Dahi Vilas (Rich creamy curd delicacy infused with saffron and malai flavours)
,,,Hung Curd Herb Delight Royale (Thick hung curd blended with fresh herbs for a gourmet experience)
,,,Smoked Chilli Raita Khazana (Creamy raita infused with smoky chilli flavours and royal spices)
,,,Apple Walnut Raita Darbari (Unique fruit raita combining sweet apples with crunchy walnuts)
,,,"Dates & Raisin Raita Rajputana (Royal sweet raita enriched with dates, raisins, and creamy curd)"
,,,Tadka Dahi Imperial (Traditional curd tempered with aromatic spices and royal seasoning)
,,,Royal Assorted Raita Platter Rajsi (Premium selection of assorted raitas presented in a royal platter)
,,,
,,,
Package Includes,,,
,• Packaged Drinking Water,,
,• RO Drinking Water,,
,• Premium Disposable Crockery (or as per package),,
,• Professional Service Staff,,
,• Buffet Setup & Food Display,,