section,subsection,item_number,name,traditional_name,description,price
Signature Welcome Elixirs,,1,Royal Aloo Bukhara Elixir,Aloo Bukhara / Plum,,
Signature Welcome Elixirs,,2,Pomegranate Jewel Press,Anar Juice,,
Signature Welcome Elixirs,,3,Pomegranate Orchard Fusion,Anar Mix Fruits,,
Signature Welcome Elixirs,,4,Kashmiri Apple Nectar,Apple Juice,,
Signature Welcome Elixirs,,5,Wild Blackberry Bliss,Blackberry Juice,,
Signature Welcome Elixirs,,6,Midnight Grape Essence,Black Grapes Juice,,
Signature Welcome Elixirs,,7,Desi Falsa Refresher,Falsa Juice,,
Signature Welcome Elixirs,,8,Emerald Grape Cooler,Green Grapes Juice,,
Signature Welcome Elixirs,,9,Pink Guava Delight,Guava Juice,,
Signature Welcome Elixirs,,10,Kiwi Tropical Fusion,Kiwi Mix Juice,,
Signature Welcome Elixirs,,11,Lychee Velvet Splash,Litchi Juice,,
Signature Welcome Elixirs,,12,Alphonso Mango Indulgence,Mango Juice,,
Signature Welcome Elixirs,,13,Minted Watermelon Breeze,Minty Watermelon,,
Signature Welcome Elixirs,,14,Seasonal Fruit Symphony,Mix Fruit Juice,,
Signature Welcome Elixirs,,15,Sun-Kissed Orange Zest,Orange Juice,,
Signature Welcome Elixirs,,16,Golden Pineapple Splash,Pineapple Juice,,
Signature Welcome Elixirs,,17,Spiced Tomato Refresher,Tomato Juice,,
Signature Welcome Elixirs,,18,Tomato Juice → Spiced Tomato Refresher,,,
Artisan Shake & Lassi Bar,,1,Afghan Pista Royale,Afghan Pista Shake,,
Artisan Shake & Lassi Bar,,2,Badam Bliss Shake,Badam Shake,,
Artisan Shake & Lassi Bar,,3,Belgian Chocolate Indulgence,Belgian Chocolate Shake,,
Artisan Shake & Lassi Bar,,4,Black Currant Velvet,Black Currant Shake,,
Artisan Shake & Lassi Bar,,5,Chiku Cream Delight,Chiku Shake,,
Artisan Shake & Lassi Bar,,6,Classic Cold Coffee Frappe,Cold Coffee,,
Artisan Shake & Lassi Bar,,7,Cold Coffee Ice Cream Supreme,Cold Coffee with Ice Cream,,
Artisan Shake & Lassi Bar,,8,Cookie Crunch Delight,Cookie Crunch Shake,,
Artisan Shake & Lassi Bar,,9,Sitaphal Cream Shake,Custard Apple Shake,,
Artisan Shake & Lassi Bar,,10,Dry Fruit Basundi Supreme,Dry Fruit Basundi,,
Artisan Shake & Lassi Bar,,11,Strawberry Fresh Cream Shake,Fresh Strawberry Shake,,
Artisan Shake & Lassi Bar,,12,Kaju Anjeer Royal Blend,Kaju Anjeer Shake,,
Artisan Shake & Lassi Bar,,13,Kaju Draksh Delight,Kaju Draksh Shake,,
Artisan Shake & Lassi Bar,,14,Kesar Badam Royale,Kesar Badam Shake,,
Artisan Shake & Lassi Bar,,15,Kesar Pista Lassi Supreme,Kesar Pista Lassi,,
Artisan Shake & Lassi Bar,,16,Kesar Pista Royal Shake,Kesar Pista Shake,,
Artisan Shake & Lassi Bar,,17,Kesari Thandai Elixir,Kesari Thandai,,
Artisan Shake & Lassi Bar,,18,Khajoor Nutri Shake,Khajoor Shake,,
Artisan Shake & Lassi Bar,,19,Mango Lassi Classic,Mango Lassi,,
Artisan Shake & Lassi Bar,,20,Mango Cream Shake,Mango Shake,,
Artisan Shake & Lassi Bar,,21,Namkeen Lassi Refresher,Namkeen Lassi,,
Artisan Shake & Lassi Bar,,22,Papaya Health Shake,Papaya Shake,,
Artisan Shake & Lassi Bar,,23,Shahi Gulab Delight,Shahi Gulab Shake,,
Artisan Shake & Lassi Bar,,24,Strawberry Lassi Bliss,Strawberry Lassi,,
Artisan Shake & Lassi Bar,,25,Sweet Lassi Classic,Sweet Lassi,,
Artisan Shake & Lassi Bar,,26,Jeera Buttermilk Cooler,Zeera Buttermilk / Chaach,,
Crafted Mocktail Infusions,,1,Classic Aerated Refreshers,Assorted Aerated Drinks,,
Crafted Mocktail Infusions,,2,Blue Lagoon Splash,Blue Lagoon,,
Crafted Mocktail Infusions,,3,Rose Sattu Cooler,Cold Rose Sattu,,
Crafted Mocktail Infusions,,4,Fresh Lime Sparkler,Fresh Lime Soda,,
Crafted Mocktail Infusions,,5,Tropical Fruit Punch,Fruits Punch,,
Crafted Mocktail Infusions,,6,Green Island Refresher,Green Island,,
Crafted Mocktail Infusions,,7,Emerald River Cooler,Green River,,
Crafted Mocktail Infusions,,8,Hawaiian Beach Delight,Hawaiian Beach Cooler,,
Crafted Mocktail Infusions,,9,Ice on Fire Fusion,Ice On Fire,,
Crafted Mocktail Infusions,,10,Kala Khatta Chill,Kala Khatta Slash,,
Crafted Mocktail Infusions,,11,Kiwi Blossom Cooler,Kiwi Blossom,,
Crafted Mocktail Infusions,,12,Kiwi Mint Mojito,Kiwi Mojito,,
Crafted Mocktail Infusions,,13,Lavender Mint Mojito,Lavender Mojito,,
Crafted Mocktail Infusions,,14,Classic Lemon Iced Tea,Lemon Ice Tea,,
Crafted Mocktail Infusions,,15,Lychee Cordial Refresher,Lychee Cordial,,
Crafted Mocktail Infusions,,16,Lychee Lime Float,Lychee Lime Float,,
Crafted Mocktail Infusions,,17,Masala Soda Twist,Masala Soda Pop,,
Crafted Mocktail Infusions,,18,Midnight Beauty Cooler,Mid Night Beauty,,
Crafted Mocktail Infusions,,19,Mint Iced Tea Refresher,Mint Ice Tea,,
Crafted Mocktail Infusions,,20,Tender Coconut Hydrator,Nariyal Daba Water,,
Crafted Mocktail Infusions,,21,Orange Blossom Spritz,Orange Blossom,,
Crafted Mocktail Infusions,,22,Orange Citrus Splash,Orange Slash,,
Crafted Mocktail Infusions,,23,Peach Pina Colada Delight,Peach Pina Colada,,
Crafted Mocktail Infusions,,24,Classic Pina Colada,Pina Colada,,
Crafted Mocktail Infusions,,25,Pink Panther Punch,Pink Panther,,
Crafted Mocktail Infusions,,26,Shirley Temple Classic,Shirley Temple,,
Crafted Mocktail Infusions,,27,Strawberry Daiquiri Cooler,Strawberry Daiquiri,,
Crafted Mocktail Infusions,,28,Tender Berry Refresher,Tender Berry,,
Crafted Mocktail Infusions,,29,Tricolor Celebration Drink,Tricolor,,
Crafted Mocktail Infusions,,30,Virgin Mint Mojito,Virgin Mojito,,
Crafted Mocktail Infusions,,31,Watermelon Mint Mojito,Watermelon Mojito,,
Signature Warm Infusions,,1,Classic Brewed Coffee,Coffee,,
Signature Warm Infusions,,2,Caffè Americano Classic,Caffè Americano,,
Signature Warm Infusions,,3,Caffè Latte Supreme,Caffè Latte,,
Signature Warm Infusions,,4,Cappuccino Velvet,Cappuccino,,
Signature Warm Infusions,,5,Café Hut Signature Blend,Coffee Café Hut,,
Signature Warm Infusions,,6,Espresso Intense Shot,Espresso Coffee,,
Signature Warm Infusions,,7,Espresso Macchiato Classic,Espresso Macchiato,,
Signature Warm Infusions,,8,Kesar Dry Fruit Kadai Milk Royale,Kesar Dry Fruit Kadai Milk,,
Signature Warm Infusions,,9,Khajoor Infused Kadai Milk,Khajoor Kadai Milk,,
Signature Warm Infusions,,10,Munacca Rich Kadai Milk,Munacca Kadai Milk,,
Signature Warm Infusions,,11,Chilled Coffee Creations,Variety of Cold Coffee,,
Signature Warm Infusions,,12,Signature Hot Coffee Selection,Variety of Hot Coffee,,
Refined Tea Rituals,,1,Handi Brewed Heritage Tea,Handi Tea,,
Refined Tea Rituals,,2,Marwadi Handi Tea Special,Handi Tea without Bicycle – from Marwad,,
Refined Tea Rituals,,3,Tandoori Smoked Chai,Tandoori Chai,,
Refined Tea Rituals,,4,Kashmiri Kahwa Elixir,Kashmiri Kahwa,,
The Soup Atelier,,1,Almond Garden Velouté,Almond Vegetable Soup,,
The Soup Atelier,,2,Sweet Corn Royale,American Sweet Corn Soup,,
The Soup Atelier,,3,Asian Greens Infusion,Asian Mixed Green Soup,,
The Soup Atelier,,4,Asparagus Corn Essence,Asparagus Corn Soup,,
The Soup Atelier,,5,Broccoli Spinach Velouté,Broccoli Spinach Soup,,
The Soup Atelier,,6,Burmese Khao Suey Bowl,Burmese Khao Suey,,
The Soup Atelier,,7,Carrot Orange Elixir,Carrot Orange Soup,,
The Soup Atelier,,8,Spinach Cream Delight,Cream of Spinach,,
The Soup Atelier,,9,Tomato Velvet Cream,Cream of Tomato,,
The Soup Atelier,,10,Pudina Dal Shorba,Dal Pudina Ka Shorba,,
The Soup Atelier,,11,Green Pea Silk Soup,Green Pea Soup,,
The Soup Atelier,,12,Hot & Sour Oriental Broth,Hot N Sour Soup,,
The Soup Atelier,,13,Lauki Shorba Essence,Loki Ka Soup,,
The Soup Atelier,,14,Minestrone Italiano,Minestrone Soup,,
The Soup Atelier,,15,South Indian Rasam Classic,South Indian Rasam,,
The Soup Atelier,,16,Tamatar Dhaniya Shorba,Tamatar Dhaniya Shorba,,
The Soup Atelier,,17,Thai Clear Herbal Broth,Thai Clear Soup – Tom Yum Phak,,
The Soup Atelier,,18,Tom Yum Exotic Broth,Tom Yum Soup,,
The Soup Atelier,,19,Tomato Basil Infusion,Tomato Basil Soup,,
The Soup Atelier,,20,Tomato Coriander Shorba,Tomato Coriander,,
The Soup Atelier,,21,Tomato Rasam Fusion,Tomato Rasam,,
Appetizers – Pan-Asian Curated Selection,,1,Ancient Chilli Paneer Bites,Ancient Chilli Paneer,,
Appetizers – Pan-Asian Curated Selection,,2,Burnt Chilli Cottage Cheese Cubes,Burnt Chilli Cottage Cheese,,
Appetizers – Pan-Asian Curated Selection,,3,Crispy Chilli Baby Corn,Chilli Baby Corn,,
Appetizers – Pan-Asian Curated Selection,,4,Chilli Tofu Dumpling Fusion,Chilli Tofu & Green Dumplings,,
Appetizers – Pan-Asian Curated Selection,,5,Oriental Cigar Rolls,Chinese Cigar Rolls,,
Appetizers – Pan-Asian Curated Selection,,6,Crispy Spaghetti Rolls,Chinese Spaghetti Roll,,
Appetizers – Pan-Asian Curated Selection,,7,Golden Spring Rolls,Chinese Spring Roll,,
Appetizers – Pan-Asian Curated Selection,,8,Crispy Corn Spinach Dumplings,Crispy Corn & Spinach Dumplings,,
Appetizers – Pan-Asian Curated Selection,,9,Classic Dry Manchurian,Dry Manchurian,,
Appetizers – Pan-Asian Curated Selection,,10,Golden Fried Baby Corn,Golden Fried Baby Corn,,
Appetizers – Pan-Asian Curated Selection,,11,Honey Chilli Cauliflower Bites,Honey Chilli Cauliflower,,
Appetizers – Pan-Asian Curated Selection,,12,Japanese Tempura Crisp,Japanese Tempura,,
Appetizers – Pan-Asian Curated Selection,,13,Salt & Pepper Mushroom Toss,Mushroom Salt & Pepper,,
Appetizers – Pan-Asian Curated Selection,,14,Sesame Chilli Potato Bites,Sesame Chilli Potato,,
Appetizers – Pan-Asian Curated Selection,,15,Thai Corn Fritter Bites,Thai Corn Fritters,,
Appetizers – Pan-Asian Curated Selection,,16,Thai Spiced Tofu Cubes,Thai Spiced Tofu,,
Appetizers – Pan-Asian Curated Selection,,17,Sweet Chilli Potato Toss,Thai Sweet Chilli Potato,,
Appetizers – Pan-Asian Curated Selection,,18,Veg Salt & Pepper Toss,Veg Salt & Pepper,,
Appetizers – Pan-Asian Curated Selection,,19,Steamed Vegetable Dim Sum,Vegetable Dim Sum,,
Appetizers – Pan-Asian Curated Selection,,20,Vietnamese Rice Roll Wraps,Vietnamese Rice Rolls,,
Appetizers – Pan-Asian Curated Selection,,21,Bok Choy Chestnut Dumplings,Water Chestnuts & Bok Choy Dumplings,,
Modern Indian Signatures,,1,24 Carat Truffle Mousse Bites,24 Carat Truffle Mousse,,
Modern Indian Signatures,,2,Baingan Bharta Cornetto Delight,Baingan Bharta Cornetto,,
Modern Indian Signatures,,3,Beetroot Royal Tikki,Beetroot Tikki,,
Modern Indian Signatures,,4,Papad Pesto Paneer Roll,Creamy Papad Roll with Basil Pesto Paneer,,
Modern Indian Signatures,,5,Dal Makhani Fondue Pot,Dal Makhani Fondue,,
Modern Indian Signatures,,6,Green Apple Fusion Tikki,Green Apple Tikki,,
Modern Indian Signatures,,7,Kaffir Lime Pav & Ricotta Vada,Kaffir Lime Pav & Ricotta Vada,,
Modern Indian Signatures,,8,Paneer Khurchan Golgappa Shots,Paneer Khurchan Golgappe,,
Modern Indian Signatures,,9,Panko Achari Mirchi Crisp,Panko Crusted Bharwan Achari Mirchi,,
Modern Indian Signatures,,10,Pav Bhaji Fondue Delight,Pav Bhaji Fondue,,
Modern Indian Signatures,,11,Polenta Malai Corn Crunch,Polenta Crusted Malai Corn,,
Modern Indian Signatures,,12,Kathal Taco Fusion,Pulled Kathal Phulka Tacos,,
Modern Indian Signatures,,13,Deconstructed Paneer Pasanda,Reconstructed Paneer Pasanda,,
Modern Indian Signatures,,14,Tofu Coriander Vadai Bites,Tofu & Coriander Vadai,,
The World Plate Collection,,1,Classic Salted French Fries,American Salted French Fry,,
The World Plate Collection,,2,Italian Arancini Bites,Arancini Rice Balls,,
The World Plate Collection,,3,Mexican Taco Assortment,Assorted Mexican Tacos,,
The World Plate Collection,,4,Falafel Stuffed Mini Pita,Baby Pita Stuffed with Falafel,,
The World Plate Collection,,5,Baked Béchamel Tartlets,Baked Béchamel Tarts,,
Taste of Europe,,1,Baked Corn Puff Delight,Baked Corn Puff,,
Taste of Europe,,2,Cheese Corn Golden Balls,Cheese Corn Balls,,
Taste of Europe,,3,Cheese Corn Nugget Bites,Cheese Corn Nuggets,,
Taste of Europe,,4,Swiss Cheese Fondue Classic,Classic Swiss Fondue,,
Taste of Europe,,5,Continental Paneer Crisp,Conti Paneer Crisp,,
Taste of Europe,,6,French Croquette Bites,French Croquettes,,
Taste of Europe,,7,Loaded Nachos Platter,Lazy Nachos Platter,,
Taste of Europe,,8,Arrabbiata Tartlets,Mini Arrabbiata Tarts,,
Taste of Europe,,9,Mushroom Bruschetta Classic,Mushroom Bruschetta,,
Taste of Europe,,10,Savoury Mushroom Tart,Mushroom Tart,,
Taste of Europe,,11,Cheddar Nachos Crunch Balls,Nachos Crusted Cheddar Balls,,
Taste of Europe,,12,Peri Peri Fries,Peri Peri French Fry,,
Taste of Europe,,13,Fresh Salsa Cone Cups,Salsa Fresh Cone,,
Taste of Europe,,14,Sicilian Bruschetta Bites,Sicilian Bruschetta,,
The Tandoor Creations,,1,Afghan Malai Chaap Royale,Afghan Malai Chaap,,
The Tandoor Creations,,2,Angari Paneer Tikka,Angari Paneer Tikka,,
The Tandoor Creations,,3,Angari Soya Chaap,Angari Soya Chaap,,
The Tandoor Creations,,4,Broccoli Malai Tikka,Broccoli Malai Tikka,,
The Tandoor Creations,,5,Candy Glazed Kebab,Candy Kebab,,
The Tandoor Creations,,6,Dry Fruit Shami Kebab,Dry Fruit Shami Kebab,,
The Tandoor Creations,,7,Exotic Veg Satay Skewers,Exotic Veg Satay Stick,,
The Tandoor Creations,,8,Haryali Kebab Delight,Haryali Kebab,,
The Tandoor Creations,,9,Kalmi Style Veg Kebab,Kalmi Kebab,,
The Tandoor Creations,,10,Kasturi Infused Kebab,Kasturi Kebab,,
The Tandoor Creations,,11,Malai Paneer Tikka Royale,Malai Paneer Tikka,,
The Tandoor Creations,,12,Tandoori Kathal Masala,Masala Tandoori Kathal,,
The Tandoor Creations,,13,Paneer Shashlik Skewers,Paneer Shashlik,,
The Tandoor Creations,,14,Pudina Paneer Tikka,Pudina Paneer Tikka,,
The Tandoor Creations,,15,Roasted Apple Infusion,Roasted Apple,,
The Tandoor Creations,,16,Roasted Cauliflower Spice,Roasted Cauliflower,,
The Tandoor Creations,,17,Roasted Guava Twist,Roasted Guava,,
The Tandoor Creations,,18,Roasted Pineapple Glaze,Roasted Pineapple,,
The Tandoor Creations,,19,Roasted Shakarkandi Delight,Roasted Shakarkandi,,
The Tandoor Creations,,20,Shikhampuri Kebab Classic,Shikhampuri Kebab,,
The Tandoor Creations,,21,Stuffed Jacket Potato Bites,Stuffed Jacket Potato,,
The Tandoor Creations,,22,Tandoori Aloo Delight,Tandoori Aloo,,
The Tandoor Creations,,23,Tandoori Mushroom Bites,Tandoori Mushroom,,
The Tandoor Creations,,24,Veg Galouti Melt Kebab,Veg Galouti Kebab,,
The Tandoor Creations,,25,Veg Gola Kebab,Veg Gola Kebab,,
The Tandoor Creations,,26,Veg Seekh Kebab Royale,Veg Seekh Kebab,,
Indian Culinary Heirlooms,,1,Aloo Matar Kofta Royale,Aloo Matar Kofta,,
Indian Culinary Heirlooms,,2,Assorted Pakora Platter,Assorted Pakoras,,
Indian Culinary Heirlooms,,3,Mini Dal Kachori Bites,Dal Ki Kachori – Mini,,
Indian Culinary Heirlooms,,4,Dal Pakori Delight,Dal Ki Pakori,,
Indian Culinary Heirlooms,,5,Kalmi Bada Classic,Kalmi Bada,,
Indian Culinary Heirlooms,,6,Khandvi Silk Rolls,Khandvi Roll,,
Indian Culinary Heirlooms,,7,Matar Samosa Bites,Matar Ka Samosa,,
Indian Culinary Heirlooms,,8,Matar Potli Parcels,Matar Potli,,
Indian Culinary Heirlooms,,9,Mini Idli Tempered Bites,Mini Idli,,
Indian Culinary Heirlooms,,10,Moong Moth Softy Chaat,Moong Moth Softy,,
Indian Culinary Heirlooms,,11,Paneer Pakora Crisp,Paneer Pakora,,
Indian Culinary Heirlooms,,12,Classic Samosa,Samosa,,
Indian Culinary Heirlooms,,13,Tamatar Kofta Curry Bites,Tamatar Kofta,,
The Dessert Edit,,1,Assorted Sandesh Collection,Assorted Sandesh,,
The Dessert Edit,,2,Assorted Dessert Tartlets,Assorted Tarts,,
The Dessert Edit,,3,Badam Pista Mini Katli Bites,Badam Pista Mini Katli,,
The Dessert Edit,,4,Chenna Delight Bites,Chenna Murgi,,
The Dessert Edit,,5,Coconut Bengali Rolls,Coconut Bengali Roll,,
The Dessert Edit,,6,Golden Fried Dry Fruits,Fried Dry Fruits,,
The Dessert Edit,,7,Kaccha Gulla Classic,Kaccha Gulla,,
The Dessert Edit,,8,Kaju Anjeer Royal Rolls,Kaju Anjeer Roll,,
The Dessert Edit,,9,Kaju Pista Kalash Delight,Kaju Pista Kalash,,
The Dessert Edit,,10,Kaju Pista Royal Rolls,Kaju Pista Roll,,
The Dessert Edit,,11,Kesaria Angoor Delight,Kesaria Angoor,,
The Dessert Edit,,12,Malai Paan Mini Delight,Malai Pan Mini Hara Chola,,
The Dessert Edit,,13,Mini Kesar Barfi Bites,Mini Kesar Barfi,,
The Dessert Edit,,14,Mini Mawa Peda Classic,Mini Mawa Peda,,
The Dessert Edit,,15,Munakka Badam Indulgence,Munakka Badam,,
The Dessert Edit,,16,Petha Pista Royal Rolls,Petha Pista Roll,,
The Dessert Edit,,17,Pista Badam Energy Bites,Pista Badam Ball,,
The Dessert Edit,,18,Pista Badam Coin Bites,Pista Badam Coin,,
The Dessert Edit,,19,Pista Delight Balls,Pista Ball,,
The Dessert Edit,,20,Pista Fancy Dessert,Pista Fancy,,
The Dessert Edit,,21,Pista Lounge Signature,Pista Lounge,,
The Dessert Edit,,22,Pista Softy Cream,Pista Softy,,
The Dessert Edit,,23,Dry Fruit Mini Barfi Assortment,"Pista, Badam, Kaju Mini Barfi",,
The Dessert Edit,,24,Roasted Dry Fruit Selection,Roasted Dry Fruits,,
The Dessert Edit,,25,Stuffed Almond Khajoor Delights,Stuffed Almond Khajoor,,
The Dessert Edit,,26,Stuffed Lychee Bites,Stuffed Lychee,,
The Dessert Edit,,27,Stuffed Paan Indulgence,Stuffed Paan,,
The Chilled Edit,,1,Ash Roasted Sweet Potato Canapés,Sweet Potato Canapés with honey & yogurt salsa,,
The Chilled Edit,,2,Avocado Cucumber Summer Rolls,Cucumber & Avocado Summer Rolls,,
The Chilled Edit,,3,Fresh Garden Cucumber Wrap,Cucumber Wrap,,
The Chilled Edit,,4,Chilli Infused Watermelon Pearls,Chilli Watermelon Balls,,
The Chilled Edit,,5,Courgette & Potato Crisp Cakes,Crispy Courgettes & Potato Cakes,,
The Chilled Edit,,6,Hoisin Aubergine & Silken Tofu,Hoisin Aubergine & Silken Tofu,,
The Chilled Edit,,7,Lychee Prune Stuffed Bites,Lychee Stuffed with Prune,,
The Chilled Edit,,8,Pimento & Asparagus Cheese Pockets,Pimento Pockets,,
The Chilled Edit,,9,Pomegranate Hummus Mushroom Cups,Pomegranate Hummus,,
The Chilled Edit,,10,Watermelon Feta Skewers,Watermelon & Feta Cheese Skewers,,
The Chilled Edit,,11,Classic Hummus Mezze,"Hummus with Chickpeas, Garlic, Cumin & Tahini",,
The Chilled Edit,,12,Olive & Manchego Platter,Olives & Manchego,,
The Chilled Edit,,13,Patatas Bravas Classic,Patatas Bravas,,
The Chilled Edit,,14,Feta Stuffed Bell Peppers,Stuffed Bell Peppers,,
The Chilled Edit,,15,Tomato & Red Pepper Crostini,Tomato & Red Pepper with parmesan croutons,,
The Great Indian Chaat Experience,The Nawabi Chaat Atelier (Signature Curations),1,Jeweled Crisp Tokri with Spiced Potato Mosaic,Tokri Chat,"Delicate basket layered with chutneys, yogurt espuma, and fine sev textures.",
The Great Indian Chaat Experience,The Nawabi Chaat Atelier (Signature Curations),2,Imperial Raj Kachori Grandeur,,"Handcrafted kachori filled with curated layers of lentils, yogurt, and royal chutneys.",
The Great Indian Chaat Experience,The Nawabi Chaat Atelier (Signature Curations),3,Heritage Papdi Chaat Ensemble,,"Golden crisps adorned with velvety curd, tamarind reduction, and herb dust.",
The Great Indian Chaat Experience,The Nawabi Chaat Atelier (Signature Curations),4,Awadhi Silk Dahi Bhalla,,Cloud-soft lentil dumplings resting in chilled yogurt with subtle spice infusions.,
The Great Indian Chaat Experience,The Nawabi Chaat Atelier (Signature Curations),5,Artisan Dahi Puri Bites,,"Crisp shells filled with spiced potato, yogurt cream, and signature chutney pearls.",
The Great Indian Chaat Experience,The Nawabi Chaat Atelier (Signature Curations),6,Kashi Jal Tarang — Flavoured Pani Puri Tasting,,A connoisseur's selection of infused waters paired with crisp puris.,
The Great Indian Chaat Experience,The Nawabi Chaat Atelier (Signature Curations),7,Lucknowi Heritage Aloo Tikki,,Golden seared potato galettes finished with yogurt glaze and chutney drizzle.,
The Great Indian Chaat Experience,The Nawabi Chaat Atelier (Signature Curations),8,Awadh Chole Tikki Symphony,,"Slow-cooked chickpeas paired with crisp tikkis in a rich, layered presentation.",
The Great Indian Chaat Experience,The Nawabi Chaat Atelier (Signature Curations),9,Banarasi Spiced Tomato Relish Chaat,,"Warm, slow-reduced tomato chaat with bold Banarasi tempering.",
The Great Indian Chaat Experience,The Nawabi Chaat Atelier (Signature Curations),10,Banaras White Pea Medley Chaat,,Delicately spiced matar finished with citrus and fresh herbs.,
The Great Indian Chaat Experience,The Nawabi Chaat Atelier (Signature Curations),11,Kashi Khasta Potato Indulgence,,Crisp potatoes tossed in signature spice blend and lemon essence.,
The Great Indian Chaat Experience,The Nawabi Chaat Atelier (Signature Curations),12,Earthen Kulhad Layered Chaat Experience,,Rustic clay-served chaat with layered textures and traditional flavours.,
The Great Indian Chaat Experience,The Nawabi Chaat Atelier (Signature Curations),13,Agra Bedai Kachori Heritage Plate,,Flaky kachori paired with spiced aloo gravy in classic Agra style.,
The Great Indian Chaat Experience,The Nawabi Chaat Atelier (Signature Curations),14,Taj Nagari Spiced Aloo Ras,,Silky potato curry infused with traditional royal spices.,
The Great Indian Chaat Experience,The Nawabi Chaat Atelier (Signature Curations),15,Agra Dalmoth Crunch Mélange,,Textured dalmoth blend elevated with chutneys and fresh garnish.,
The Great Indian Chaat Experience,The Nawabi Chaat Atelier (Signature Curations),16,Tangy Arbi Kachalu Indulgence,,"Spiced colocasia tossed with lime, chutneys, and aromatic masalas.",
The Great Indian Chaat Experience,The Nawabi Chaat Atelier (Signature Curations),17,Mughlai Charred Paneer Chaat,,Smoky paneer tikka layered with rich chutneys and creamy textures.,
The Great Indian Chaat Experience,The Nawabi Chaat Atelier (Signature Curations),18,Braj Spiced Aloo Classic,,Simple yet indulgent potato chaat inspired by temple-town flavours.,
The Great Indian Chaat Experience,The Nawabi Chaat Atelier (Signature Curations),19,Mathura Kachori Aloo Heritage Bowl,,Traditional kachori paired with flavourful aloo sabzi and chutneys.,
The Great Indian Chaat Experience,The Nawabi Chaat Atelier (Signature Curations),20,Braj Dahi Jalebi Fusion,,Warm jalebi paired with chilled yogurt for a refined sweet contrast.,
The Great Indian Chaat Experience,The Nawabi Chaat Atelier (Signature Curations),21,Makhan Mishri Fruit Indulgence,,Seasonal fruits elevated with divine makhan mishri essence.,
The Great Indian Chaat Experience,The Nawabi Chaat Atelier (Signature Curations),22,Chhena Mewa Royal Delight,,Soft chhena with dry fruits and subtle sweetness.,
The Great Indian Chaat Experience,The Nawabi Chaat Atelier (Signature Curations),23,Crisp Julienne Potato Chaat,,Fine-cut potatoes fried to perfection with signature spice dust.,
The Great Indian Chaat Experience,The Nawabi Chaat Atelier (Signature Curations),24,Corn & Spinach Delicacy Chaat,,Sweet corn and crisp palak layered with chutneys and textures.,
The Great Indian Chaat Experience,The Nawabi Chaat Atelier (Signature Curations),25,Golden Moong Dal Pakodi Indulgence,,"Lentil fritters finished with yogurt, chutneys, and spice dust.",
The Great Indian Chaat Experience,The Nawabi Chaat Atelier (Signature Curations),26,Classic Spiced Chickpea Chaat,,"Robust chana tossed with herbs, citrus, and house spices.",
The Great Indian Chaat Experience,The Nawabi Chaat Atelier (Signature Curations),27,Nawabi Samosa Crush Chaat,,"Flaky samosa layered with chole, yogurt, and chutney glaze.",
The Great Indian Chaat Experience,The Nawabi Chaat Atelier (Signature Curations),28,Crisp Spinach Leaf Royale,,"Tempura-style palak topped with yogurt, chutneys, and crunch.",
The Great Indian Chaat Experience,The Nawabi Chaat Atelier (Signature Curations),29,Pomegranate Citrus Fruit Chaat,,Fresh fruits enhanced with anardana and citrus zest.,
The Great Indian Chaat Experience,The Nawabi Chaat Atelier (Signature Curations),30,Garden Sprout & Herb Chaat,,Wholesome sprouts tossed with fresh herbs and lemon dressing.,
The Great Indian Chaat Experience,Delhi Chaat Darbar (The Imperial Capital Collection),1,Imperial Raj Kachori of Delhi Darbar,,"Grand crisp kachori filled with layered lentils, yogurt cream, and signature chutney infusion.",
The Great Indian Chaat Experience,Delhi Chaat Darbar (The Imperial Capital Collection),2,Chandni Chowk Papdi Chaat Ensemble,,"Golden crisps layered with velvety yogurt, tamarind reduction, and fresh herb accents.",
The Great Indian Chaat Experience,Delhi Chaat Darbar (The Imperial Capital Collection),3,Delhi Nazakat Dahi Bhalla,,Silken lentil dumplings immersed in chilled yogurt with delicate spice notes.,
The Great Indian Chaat Experience,Delhi Chaat Darbar (The Imperial Capital Collection),4,Zayka Dilli Dahi Puri Bites,,"Crisp puris filled with spiced potatoes, yogurt espuma, and chutney pearls.",
The Great Indian Chaat Experience,Delhi Chaat Darbar (The Imperial Capital Collection),5,Delhi Jaljeera Pani Puri Tasting Experience,,A curated selection of flavoured waters served with crisp puris and signature fillings.,
The Great Indian Chaat Experience,Delhi Chaat Darbar (The Imperial Capital Collection),6,Chandni Chowk Heritage Aloo Tikki,,Golden seared potato patties finished with yogurt glaze and bold chutneys.,
The Great Indian Chaat Experience,Delhi Chaat Darbar (The Imperial Capital Collection),7,Delhi Chole Tikki Symphony,,"Slow-simmered chole paired with crisp tikkis in a rich, layered presentation.",
The Great Indian Chaat Experience,Delhi Chaat Darbar (The Imperial Capital Collection),8,Purani Dilli Samosa Chaat Indulgence,,"Flaky samosas crushed and elevated with chole, yogurt, and chutney glaze.",
The Great Indian Chaat Experience,Delhi Chaat Darbar (The Imperial Capital Collection),9,Shahi Palak Patta Royale,,"Crisp spinach leaves topped with yogurt, chutneys, and fine crunchy textures.",
The Great Indian Chaat Experience,Delhi Chaat Darbar (The Imperial Capital Collection),10,Daulat Ki Chaat — Winter Cloud Dessert,,"Delhi's iconic airy foam delicacy, delicately sweet and melt-in-mouth.",
The Great Indian Chaat Experience,Delhi Chaat Darbar (The Imperial Capital Collection),11,Ram Ladoo Heritage Bites,,Golden moong dal fritters served with radish garnish and fresh chutneys.,
The Great Indian Chaat Experience,Delhi Chaat Darbar (The Imperial Capital Collection),12,Delhi Bazaar Matar Kulcha Medley,,"Spiced white peas paired with soft kulchas, finished with butter and masala.",
The Great Indian Chaat Experience,Delhi Chaat Darbar (The Imperial Capital Collection),13,Purani Dilli Kulle Chaat Creation,,Stuffed seasonal fruits and vegetables infused with tangy spices.,
The Great Indian Chaat Experience,Delhi Chaat Darbar (The Imperial Capital Collection),14,Delhi Fusion Paneer Tikka Chaat,,"Char-grilled paneer layered into a rich, indulgent chaat composition.",
The Great Indian Chaat Experience,Delhi Chaat Darbar (The Imperial Capital Collection),15,Crisp Lachha Potato Indulgence,,Julienned potatoes fried to perfection with signature spice dust.,
The Great Indian Chaat Experience,Delhi Chaat Darbar (The Imperial Capital Collection),16,Chatpata Corn Chaat Delight,,"Sweet corn tossed with tangy spices, herbs, and citrus notes.",
The Great Indian Chaat Experience,Delhi Chaat Darbar (The Imperial Capital Collection),17,Delhi Khaas Chana Chaat,,"Robust chickpeas tossed with herbs, chutneys, and spice blends.",
The Great Indian Chaat Experience,Delhi Chaat Darbar (The Imperial Capital Collection),18,Darbar Moong Dal Pakodi Chaat,,"Crispy lentil fritters finished with yogurt, chutneys, and spices.",
The Great Indian Chaat Experience,Delhi Chaat Darbar (The Imperial Capital Collection),19,Delhi Street Bread Pakora Indulgence,,Stuffed bread fritters elevated with chutneys and chaat layering.,
The Great Indian Chaat Experience,Delhi Chaat Darbar (The Imperial Capital Collection),20,Anardana Citrus Fruit Chaat,,"Fresh fruits enhanced with pomegranate, spices, and citrus zest.",
The Great Indian Chaat Experience,Kolkata Chaat Darbar (The Calcutta Heritage Collection),1,Kolkata Royale Puchka Tasting,,"Crisp puchkas filled with tangy tamarind-spiced mash, finished with bold Bengali flavours.",
The Great Indian Chaat Experience,Kolkata Chaat Darbar (The Calcutta Heritage Collection),2,Howrah Aloo Kabli Medley,,"Spiced potatoes and black chana tossed with mustard oil, herbs, and citrus notes.",
The Great Indian Chaat Experience,Kolkata Chaat Darbar (The Calcutta Heritage Collection),3,Calcutta Classic Ghugni Chaat,,"Slow-simmered yellow peas curry finished with onions, chutneys, and spice dust.",
The Great Indian Chaat Experience,Kolkata Chaat Darbar (The Calcutta Heritage Collection),4,Bengal Bazaar Papri Chaat Ensemble,,"Golden crisps layered with yogurt, tamarind glaze, and fresh garnishes.",
The Great Indian Chaat Experience,Kolkata Chaat Darbar (The Calcutta Heritage Collection),5,Nazakat Dahi Puchka Indulgence,,"Crisp shells filled with chilled yogurt, spiced mash, and sweet-tangy chutneys.",
The Great Indian Chaat Experience,Kolkata Chaat Darbar (The Calcutta Heritage Collection),6,Kolkata Street Jhal Muri Experience,,"Puffed rice tossed live with mustard oil, spices, peanuts, and fresh herbs.",
The Great Indian Chaat Experience,Kolkata Chaat Darbar (The Calcutta Heritage Collection),7,Bengali Churmur Chaat Creation,,"Crushed puchkas blended with chutneys, spices, and fresh textures.",
The Great Indian Chaat Experience,Kolkata Chaat Darbar (The Calcutta Heritage Collection),8,Kolkata Aloo Dum Chaat Royale,,Spicy Bengali-style potato curry elevated with chaat toppings and herbs.,
The Great Indian Chaat Experience,Kolkata Chaat Darbar (The Calcutta Heritage Collection),9,Kolkata Spiced Tikki Delight,,Soft potato patties infused with Bengali spices and finished with chutneys.,
The Great Indian Chaat Experience,Kolkata Chaat Darbar (The Calcutta Heritage Collection),10,Bengal Moong Chana Fusion Chaat,,Protein-rich lentils and chickpeas tossed with spices and citrus dressing.,
The Great Indian Chaat Experience,Kolkata Chaat Darbar (The Calcutta Heritage Collection),11,Calcutta Chatpata Corn Toss,,"Sweet corn elevated with tangy spices, herbs, and zesty flavours.",
The Great Indian Chaat Experience,Kolkata Chaat Darbar (The Calcutta Heritage Collection),12,Kolkata Paneer Fusion Chaat,,Soft paneer cubes layered with chutneys and bold spice accents.,
The Great Indian Chaat Experience,Kolkata Chaat Darbar (The Calcutta Heritage Collection),13,Deconstructed Kathi Roll Chaat,,Iconic Kolkata roll reimagined as a layered chaat with smoky flavours.,
The Great Indian Chaat Experience,Kolkata Chaat Darbar (The Calcutta Heritage Collection),14,Bazaar Style Chana Jor Garam Indulgence,,"Crunchy spiced chana mix finished with onions, chutneys, and masala dust.",
The Great Indian Chaat Experience,Kolkata Chaat Darbar (The Calcutta Heritage Collection),15,Anardana Bengal Fruit Chaat,,"Fresh fruits enhanced with pomegranate, spices, and citrus zest.",
The Great Indian Chaat Experience,Dakshin Chaat Darbar (The Southern Heritage Collection),1,Dakshin Masala Idli Toss,,"Soft idli morsels tossed with spices, curry leaves, and signature chutney glaze.",
The Great Indian Chaat Experience,Dakshin Chaat Darbar (The Southern Heritage Collection),2,Chettinad Podi Idli Indulgence,,"Mini idlis coated in aromatic gunpowder, ghee, and roasted spices.",
The Great Indian Chaat Experience,Dakshin Chaat Darbar (The Southern Heritage Collection),3,Silken Dahi Idli — Tempered Elegance,,"Fluffy idlis immersed in chilled yogurt, finished with a South Indian tempering.",
The Great Indian Chaat Experience,Dakshin Chaat Darbar (The Southern Heritage Collection),4,Tiffin-Style Mini Uttapam Selection,,Bite-sized uttapams topped with vegetables and served with chutney accents.,
The Great Indian Chaat Experience,Dakshin Chaat Darbar (The Southern Heritage Collection),5,Kuzhi Paniyaram Crisp Bites,,"Golden paniyarams with soft centres, paired with coconut and tomato chutneys.",
The Great Indian Chaat Experience,Dakshin Chaat Darbar (The Southern Heritage Collection),6,Tempered Curd Rice Chaat,,"Creamy curd rice elevated with mustard seeds, curry leaves, and chaat accents.",
The Great Indian Chaat Experience,Dakshin Chaat Darbar (The Southern Heritage Collection),7,Sambar Soaked Medu Vada Delight,,"Classic vadas soaked in rich, aromatic sambar.",
The Great Indian Chaat Experience,Dakshin Chaat Darbar (The Southern Heritage Collection),8,Rasam Infused Vada Essence,,"Light, tangy rasam paired with soft vadas for a delicate flavour profile.",
The Great Indian Chaat Experience,Dakshin Chaat Darbar (The Southern Heritage Collection),9,Southern Dahi Vada Indulgence,,Soft lentil dumplings in yogurt with a South-style tempering.,
The Great Indian Chaat Experience,Dakshin Chaat Darbar (The Southern Heritage Collection),10,Kerala Banana Chip Chaat Crunch,,Crisp banana chips tossed with spices and chutneys for a unique texture.,
The Great Indian Chaat Experience,Dakshin Chaat Darbar (The Southern Heritage Collection),11,Tamil Corn Sundal Creation,,"Tempered sweet corn with coconut, mustard seeds, and curry leaves.",
The Great Indian Chaat Experience,Dakshin Chaat Darbar (The Southern Heritage Collection),12,Prasadam Style Chana Sundal,,Temple-inspired chana preparation with coconut and mild spices.,
The Great Indian Chaat Experience,Dakshin Chaat Darbar (The Southern Heritage Collection),13,Coastal Peanut Sundal Toss,,"Peanuts tempered with curry leaves, mustard seeds, and fresh coconut.",
The Great Indian Chaat Experience,Dakshin Chaat Darbar (The Southern Heritage Collection),14,Malabar Appam Chaat Bites,,Soft appams topped with chutneys and savoury accompaniments.,
The Great Indian Chaat Experience,Dakshin Chaat Darbar (The Southern Heritage Collection),15,Crisp Dosa Chaat Fusion,,"Broken dosa layered with chutneys, spices, and textures.",
The Great Indian Chaat Experience,Dakshin Chaat Darbar (The Southern Heritage Collection),16,Classic Onion Tomato Uttapam Chaat,,"Soft uttapam topped with onions, tomatoes, and chutney drizzle.",
The Great Indian Chaat Experience,Dakshin Chaat Darbar (The Southern Heritage Collection),17,Lemon Rice Chaat — Citrus Infusion,,"Fragrant rice tossed with lemon, curry leaves, and tempered spices.",
The Great Indian Chaat Experience,Dakshin Chaat Darbar (The Southern Heritage Collection),18,Puliyodarai Tamarind Rice Chaat,,Tangy tamarind rice with roasted peanuts and spice blends.,
The Great Indian Chaat Experience,Dakshin Chaat Darbar (The Southern Heritage Collection),19,Curd Sevai — Silken Vermicelli Chaat,,Soft vermicelli in chilled yogurt with a delicate tempering.,
The Great Indian Chaat Experience,Dakshin Chaat Darbar (The Southern Heritage Collection),20,Coconut Infused Fruit Chaat,,"Fresh fruits elevated with coconut, subtle spices, and tropical notes.",
The Great Indian Chaat Experience,Nourish & Indulge Luxury Healthy Chaat Bar,1,Quinoa Crunch Chaat Bowl,"Quinoa, veggies, light dressing",,
The Great Indian Chaat Experience,Nourish & Indulge Luxury Healthy Chaat Bar,2,Avocado Citrus Chaat Delight,Avocado with lemon & herbs,,
The Great Indian Chaat Experience,Nourish & Indulge Luxury Healthy Chaat Bar,3,Sprouted Lentil Vitality Chaat,Protein-rich sprouts mix,,
The Great Indian Chaat Experience,Nourish & Indulge Luxury Healthy Chaat Bar,4,Mediterranean Chickpea Glow Chaat,"Chickpeas, olives, herbs",,
The Great Indian Chaat Experience,Nourish & Indulge Luxury Healthy Chaat Bar,5,Superfood Kale & Corn Chaat,"Kale, sweet corn, light seasoning",,
The Great Indian Chaat Experience,Nourish & Indulge Luxury Healthy Chaat Bar,6,Beetroot Yogurt Chaat Bliss,Beetroot with hung curd,,
The Great Indian Chaat Experience,Nourish & Indulge Luxury Healthy Chaat Bar,7,Sweet Potato Wellness Chaat,Roasted shakarkandi with spices,,
The Great Indian Chaat Experience,Nourish & Indulge Luxury Healthy Chaat Bar,8,Fruit & Nut Harmony Chaat,Seasonal fruits with seeds & nuts,,
The Great Indian Chaat Experience,Nourish & Indulge Luxury Healthy Chaat Bar,9,Protein Paneer Lite Chaat,"Grilled paneer, minimal oil",,
The Great Indian Chaat Experience,Nourish & Indulge Luxury Healthy Chaat Bar,10,Zesty Cucumber & Peanut Crunch,Refreshing & light,,
The Great Indian Chaat Experience,Nourish & Indulge Luxury Healthy Chaat Bar,11,Brown Rice & Veggie Nourish Bowl,Healthy grain chaat,,
The Great Indian Chaat Experience,Nourish & Indulge Luxury Healthy Chaat Bar,12,Makhana Mint Chaat Delight,Roasted foxnuts with herbs,,
The Great Indian Chaat Experience,Nourish & Indulge Luxury Healthy Chaat Bar,13,Pomegranate Citrus Detox Chaat,"Anar, lemon, mint",,
The Great Indian Chaat Experience,Nourish & Indulge Luxury Healthy Chaat Bar,14,Greek Yogurt Chaat Parfait,Layered healthy chaat,,
The Great Indian Chaat Experience,Nourish & Indulge Luxury Healthy Chaat Bar,15,Chia Fruit Wellness Cup,Chia + fruits + light honey,,
The Great Indian Chaat Experience,Nourish & Indulge Luxury Healthy Chaat Bar,16,Oats & Veggie Light Chaat,Savory oats chaat,,
The Great Indian Chaat Experience,Nourish & Indulge Luxury Healthy Chaat Bar,17,Tofu Tossed Fusion Chaat,High protein vegan option,,
The Great Indian Chaat Experience,Nourish & Indulge Luxury Healthy Chaat Bar,18,Carrot & Raisin Refresh Chaat,Sweet + tangy balance,,
The Great Indian Chaat Experience,Nourish & Indulge Luxury Healthy Chaat Bar,19,Lettuce Wrap Chaat Bites,Low-carb chaat wraps,,
The Great Indian Chaat Experience,Nourish & Indulge Luxury Healthy Chaat Bar,20,Detox Green Apple Chaat,Apple with herbs & seasoning,,
The Italian Culinary Experience,Artisan Breads & Starters,1,Rosemary Focaccia with Sea Salt,,Soft Italian flatbread infused with rosemary and finished with flaky sea salt,
The Italian Culinary Experience,Artisan Breads & Starters,2,Classic Ciabatta Slices,,"Rustic Italian bread with a light, airy texture and crisp crust",
The Italian Culinary Experience,Artisan Breads & Starters,3,Garlic Butter Crostini,,Crisp toasted baguette brushed with rich garlic butter,
The Italian Culinary Experience,Artisan Breads & Starters,4,Parmesan Herb Breadsticks,,Crunchy breadsticks flavored with herbs and aged parmesan,
The Italian Culinary Experience,Artisan Breads & Starters,5,Sun-Dried Tomato Bruschetta,,Tangy sun-dried tomatoes layered over toasted bread,
The Italian Culinary Experience,Artisan Breads & Starters,6,Wild Mushroom Bruschetta,,Earthy sautéed mushrooms on crisp crostini,
The Italian Culinary Experience,Artisan Breads & Starters,7,Tomato Basil Bruschetta,,Fresh tomatoes tossed with basil and olive oil on toasted bread,
The Italian Culinary Experience,Artisan Breads & Starters,8,Olive Tapenade,,Mediterranean olive spread with herbs and olive oil,
The Italian Culinary Experience,Artisan Breads & Starters,9,Basil Pesto Genovese,,"Classic basil, pine nut, and parmesan pesto",
The Italian Culinary Experience,Artisan Breads & Starters,10,Roasted Garlic Aioli,,Creamy garlic-infused mayonnaise with a smoky depth,
The Italian Culinary Experience,Gourmet Salad Atelier,1,Classic Caesar Salad (Live),,"Crisp lettuce tossed live with Caesar dressing, croutons, and parmesan",
The Italian Culinary Experience,Gourmet Salad Atelier,2,Burrata & Heirloom Tomato Salad,,Creamy burrata paired with juicy heirloom tomatoes,
The Italian Culinary Experience,Gourmet Salad Atelier,3,Mediterranean Quinoa Salad,,"Protein-rich quinoa with olives, herbs, and citrus dressing",
The Italian Culinary Experience,Gourmet Salad Atelier,4,Roasted Vegetable & Feta Salad,,Oven-roasted vegetables with crumbly feta cheese,
The Italian Culinary Experience,Gourmet Salad Atelier,5,Pasta Primavera Salad,,Fresh pasta tossed with seasonal vegetables and herbs,
The Italian Culinary Experience,Gourmet Salad Atelier,6,Rocket Leaves & Parmesan Shavings Salad,,Peppery arugula with delicate parmesan flakes,
The Italian Culinary Experience,Live Pasta Studio,1,Penne Rigate,,Tube pasta perfect for holding rich sauces,
The Italian Culinary Experience,Live Pasta Studio,2,Spaghetti,,Classic long pasta for traditional Italian flavors,
The Italian Culinary Experience,Live Pasta Studio,3,Fusilli,,Spiral pasta ideal for capturing sauces,
The Italian Culinary Experience,Live Pasta Studio,4,Farfalle,,Bow-tie pasta with a delicate bite,
The Italian Culinary Experience,Live Pasta Studio,5,Fettuccine,,Flat ribbons of pasta suited for creamy sauces,
The Italian Culinary Experience,Live Pasta Studio,6,Spinach & Ricotta Ravioli,,Stuffed pasta with creamy spinach and ricotta filling,
The Italian Culinary Experience,Live Pasta Studio – Sauces,1,Pomodoro Basilico,,Fresh tomato sauce infused with basil,
The Italian Culinary Experience,Live Pasta Studio – Sauces,2,Arrabbiata,,Spicy tomato sauce with garlic and chili,
The Italian Culinary Experience,Live Pasta Studio – Sauces,3,Alfredo,,Rich and creamy white sauce with butter and parmesan,
The Italian Culinary Experience,Live Pasta Studio – Sauces,4,Pesto Cream Fusion,,Creamy pesto with a herbaceous finish,
The Italian Culinary Experience,Live Pasta Studio – Sauces,5,Aglio e Olio,,Light garlic and olive oil sauce,
The Italian Culinary Experience,Live Pasta Studio – Sauces,6,Pink Sauce,,Balanced tomato and cream blend,
The Italian Culinary Experience,Live Pasta Studio – Sauces,7,Wild Mushroom Truffle Cream,,Luxurious mushroom sauce with truffle essence,
The Italian Culinary Experience,Wood-Fired Pizza Pavilion,1,Margherita Classica,,"Tomato, mozzarella, and fresh basil on a thin crust",
The Italian Culinary Experience,Wood-Fired Pizza Pavilion,2,Verdure Grigliate,,Grilled vegetables on a classic Italian base,
The Italian Culinary Experience,Wood-Fired Pizza Pavilion,3,Funghi & Olive Pizza,,Mushrooms and olives with rich cheese topping,
The Italian Culinary Experience,Wood-Fired Pizza Pavilion,4,Quattro Formaggi,,Blend of four premium cheeses,
The Italian Culinary Experience,Wood-Fired Pizza Pavilion,5,Pesto Paneer Pizza,,Indian twist with paneer and pesto sauce,
The Italian Culinary Experience,Wood-Fired Pizza Pavilion,6,Exotic Veg Supreme Pizza,,Loaded pizza with assorted gourmet vegetables,
The Italian Culinary Experience,Wood-Fired Pizza Pavilion,7,Truffle Mushroom Flatbread,,Thin crust topped with truffle-infused mushrooms,
The Italian Culinary Experience,Risotto & Entrées,1,Asparagus & Parmesan Risotto,,Creamy rice with asparagus and parmesan,
The Italian Culinary Experience,Risotto & Entrées,2,Wild Mushroom Truffle Risotto,,Earthy mushrooms with truffle aroma,
The Italian Culinary Experience,Risotto & Entrées,3,Sundried Tomato & Basil Risotto,,Tangy sun-dried tomato infused risotto,
The Italian Culinary Experience,Risotto & Entrées,4,Spinach & Ricotta Cannelloni,,Baked pasta rolls stuffed with spinach and ricotta,
The Italian Culinary Experience,Risotto & Entrées,5,Vegetable Lasagna Al Forno,,Layered pasta with vegetables and cheese baked to perfection,
The Italian Culinary Experience,Risotto & Entrées,6,Baked Mac & Cheese,,Italian-style creamy baked macaroni with cheese,
The Italian Culinary Experience,Cheese & Antipasti,1,Cheese Selection,,Curated assortment of imported and Indian cheeses,
The Italian Culinary Experience,Cheese & Antipasti,2,Marinated Olives,,Flavorful olives infused with herbs and oil,
The Italian Culinary Experience,Cheese & Antipasti,3,Grilled Zucchini & Peppers,,Charred vegetables with smoky notes,
The Italian Culinary Experience,Cheese & Antipasti,4,Stuffed Cherry Tomatoes,,Bite-sized tomatoes filled with savory stuffing,
The Italian Culinary Experience,Cheese & Antipasti,5,Cheese Platter with Crackers,,Elegant cheese pairing with crisp crackers,
The Italian Culinary Experience,Desserts,1,Classic Tiramisu,,Coffee-soaked layers with mascarpone cream,
The Italian Culinary Experience,Desserts,2,Baked Cheesecake,,Creamy cheesecake topped with berry compote,
The Italian Culinary Experience,Desserts,3,Panna Cotta,,Silky Italian dessert in vanilla or mango flavors,
The Italian Culinary Experience,Desserts,4,Chocolate Cannoli,,Crisp shells filled with chocolate cream,
The Italian Culinary Experience,Desserts,5,Nutella Calzone Bites,,Warm pockets filled with Nutella,
The Italian Culinary Experience,Desserts,6,Italian Gelato Counter,,Live scoops of artisanal gelato,
The Italian Culinary Experience,Desserts,7,Affogato,,Espresso poured over creamy ice cream,
The Italian Culinary Experience,Beverages,1,Fresh Lime Basil Spritzer,,Refreshing citrus drink with basil notes,
The Italian Culinary Experience,Beverages,2,Peach Iced Tea,,Chilled tea infused with sweet peach flavor,
The Italian Culinary Experience,Beverages,3,Cold Coffee Frappe,,Smooth blended iced coffee,
The Italian Culinary Experience,Beverages,4,Classic Espresso Shots,,Strong and aromatic Italian coffee,
The Oriental Culinary Experience,Dim Sum & Small Plates Atelier,1,Crystal Vegetable Dim Sums,,Delicate translucent dumplings filled with finely chopped vegetables,
The Oriental Culinary Experience,Dim Sum & Small Plates Atelier,2,Spinach & Corn Dumplings,,Soft dumplings with creamy spinach and sweet corn filling,
The Oriental Culinary Experience,Dim Sum & Small Plates Atelier,3,Edamame & Truffle Dumplings,,Edamame-filled dumplings infused with subtle truffle aroma,
The Oriental Culinary Experience,Dim Sum & Small Plates Atelier,4,Classic Veg Hakka Dim Sums,,Traditional Hakka-style vegetable dumplings with bold flavors,
The Oriental Culinary Experience,Dim Sum & Small Plates Atelier,5,Pan-Seared Potstickers,,Crispy-bottom dumplings with juicy vegetable filling,
The Oriental Culinary Experience,Dim Sum & Small Plates Atelier,6,Shanghai Style Bao Buns,,Soft steamed buns stuffed with flavorful vegetable filling,
The Oriental Culinary Experience,Dim Sum & Small Plates Atelier,7,Crispy Wonton Cups,,Crunchy wonton shells filled with spicy vegetable mix,
The Oriental Culinary Experience,Dim Sum & Small Plates Atelier,8,Edamame with Sea Salt & Chilli Oil,,Tossed edamame beans with sea salt and chilli oil,
The Oriental Culinary Experience,Asian Salad & Cold Bar,1,Asian Glass Noodle Salad,,Light glass noodles tossed with vegetables and tangy dressing,
The Oriental Culinary Experience,Asian Salad & Cold Bar,2,Sesame Peanut Crunch Salad,,Crisp vegetables with a rich sesame peanut dressing,
The Oriental Culinary Experience,Asian Salad & Cold Bar,3,Thai Raw Papaya Salad,,Fresh shredded papaya with spicy Thai flavors,
The Oriental Culinary Experience,Asian Salad & Cold Bar,4,Chilli Pineapple Salad,,Sweet pineapple tossed with chilli and herbs,
The Oriental Culinary Experience,Asian Salad & Cold Bar,5,Stir Tossed Exotic Greens,,Fresh greens tossed in light soy dressing,
The Oriental Culinary Experience,Live Wok Station – Noodles,1,Hakka Noodles,,Classic stir-fried noodles with vegetables,
The Oriental Culinary Experience,Live Wok Station – Noodles,2,Schezwan Noodles,,Spicy noodles tossed in Schezwan sauce,
The Oriental Culinary Experience,Live Wok Station – Noodles,3,Udon Noodles,,Thick Japanese noodles with a soft bite,
The Oriental Culinary Experience,Live Wok Station – Noodles,4,Rice Noodles,,Light and silky stir-fried rice noodles,
The Oriental Culinary Experience,Live Wok Station – Rice,1,Burnt Garlic Fried Rice,,Aromatic rice with crispy burnt garlic,
The Oriental Culinary Experience,Live Wok Station – Rice,2,Vegetable Hakka Fried Rice,,Classic fried rice with mixed vegetables,
The Oriental Culinary Experience,Live Wok Station – Rice,3,Schezwan Rice,,Spicy rice tossed in Schezwan flavors,
The Oriental Culinary Experience,Live Wok Station – Rice,4,Jasmine Rice,,Fragrant steamed jasmine rice,
The Oriental Culinary Experience,Live Wok Station – Wok Tossed Add-ons,1,Stir Fried Asian Greens,,Lightly sautéed greens with garlic,
The Oriental Culinary Experience,Live Wok Station – Wok Tossed Add-ons,2,Exotic Vegetables in Soy Garlic,,Vegetables tossed in soy garlic sauce,
The Oriental Culinary Experience,Live Wok Station – Wok Tossed Add-ons,3,Chilli Basil Vegetables,,Stir-fried vegetables with chilli and basil,
The Oriental Culinary Experience,Signature Gravies & Mains,1,Vegetable Manchurian,,Crispy vegetable balls in tangy sauce (dry or gravy),
The Oriental Culinary Experience,Signature Gravies & Mains,2,Chilli Paneer,,Paneer tossed in spicy chilli sauce (dry or gravy),
The Oriental Culinary Experience,Signature Gravies & Mains,3,Kung Pao Vegetables,,Stir-fried vegetables with peanuts and bold sauces,
The Oriental Culinary Experience,Signature Gravies & Mains,4,Black Pepper Paneer,,Paneer cooked in rich black pepper sauce,
The Oriental Culinary Experience,Signature Gravies & Mains,5,Sweet & Sour Vegetables,,Vegetables in a balanced sweet and tangy sauce,
The Oriental Culinary Experience,Signature Gravies & Mains,6,Thai Green Curry,,Creamy coconut curry with Thai herbs,
The Oriental Culinary Experience,Signature Gravies & Mains,7,Thai Red Curry,,Spicy coconut curry with aromatic spices,
The Oriental Culinary Experience,Signature Gravies & Mains,8,Stir Fried Tofu (Oyster Style Veg),,Tofu tossed in rich umami-style sauce,
The Oriental Culinary Experience,Street Style Asian Counter,1,Chinese Bhel,,Indo-Chinese fusion snack tossed live with sauces,
The Oriental Culinary Experience,Street Style Asian Counter,2,Crispy Noodle Chaat,,Crunchy noodles with tangy and spicy toppings,
The Oriental Culinary Experience,Street Style Asian Counter,3,Dragon Rolls,,Crispy rolls with spicy vegetable filling,
The Oriental Culinary Experience,Street Style Asian Counter,4,Spring Rolls,,Classic fried rolls with vegetable or cheese filling,
The Oriental Culinary Experience,Street Style Asian Counter,5,Crispy Lotus Stem,,Fried lotus stem tossed in honey chilli sauce,
The Oriental Culinary Experience,Asian Grill & Skewers,1,Chilli Garlic Paneer Skewers,,Paneer grilled with chilli garlic marinade,
The Oriental Culinary Experience,Asian Grill & Skewers,2,Sesame Honey Vegetable Skewers,,Vegetables glazed with sesame and honey,
The Oriental Culinary Experience,Asian Grill & Skewers,3,Teriyaki Veg Skewers,,Vegetables coated in sweet teriyaki glaze,
The Oriental Culinary Experience,Asian Grill & Skewers,4,Grilled Mushroom & Pepper Skewers,,Smoky mushrooms with bell peppers,
The Oriental Culinary Experience,Soup Bar,1,Hot & Sour Soup,,Spicy and tangy vegetable soup,
The Oriental Culinary Experience,Soup Bar,2,Sweet Corn Soup,,Mild and comforting corn soup,
The Oriental Culinary Experience,Soup Bar,3,Lemon Coriander Soup,,Light soup with citrus and coriander notes,
The Oriental Culinary Experience,Soup Bar,4,Manchow Soup,,Spicy soup topped with crispy noodles,
The Oriental Culinary Experience,Desserts,1,Darsaan,,Honey-fried noodles served with ice cream,
The Oriental Culinary Experience,Desserts,2,Date Pancakes,,Warm pancakes filled with dates and served with ice cream,
The Oriental Culinary Experience,Desserts,3,Coconut Milk Rice Pudding,,Creamy Asian-style rice dessert,
The Oriental Culinary Experience,Desserts,4,Fried Ice Cream,,Crispy-coated ice cream with soft center,
The Oriental Culinary Experience,Desserts,5,Chocolate Spring Rolls,,Crispy rolls filled with molten chocolate,
The Oriental Culinary Experience,Beverages,1,Fresh Lime Ginger Cooler,,Refreshing drink with lime and ginger,
The Oriental Culinary Experience,Beverages,2,Thai Iced Tea,,Sweet chilled tea with Thai flavors,
The Oriental Culinary Experience,Beverages,3,Lemongrass Iced Drink,,Light herbal drink with lemongrass,
The Oriental Culinary Experience,Beverages,4,Peach Bubble Tea,,Fruity tea with chewy tapioca pearls,
The Thai Culinary Experience,Thai Appetizers & Small Plates,1,Thai Fresh Spring Rolls,,Fresh rice paper rolls filled with vegetables served with peanut dip,
The Thai Culinary Experience,Thai Appetizers & Small Plates,2,Crispy Thai Vegetable Spring Rolls,,Golden fried rolls with flavorful vegetable filling,
The Thai Culinary Experience,Thai Appetizers & Small Plates,3,Corn & Water Chestnut Cakes,,Crispy cakes paired with sweet chilli sauce,
The Thai Culinary Experience,Thai Appetizers & Small Plates,4,Thai Veg Satay Skewers,,Grilled vegetable skewers served with rich peanut sauce,
The Thai Culinary Experience,Thai Appetizers & Small Plates,5,Golden Fried Tofu,,Crispy tofu glazed with tangy tamarind sauce,
The Thai Culinary Experience,Thai Appetizers & Small Plates,6,Crispy Lotus Stem,,Crunchy lotus stem tossed in Thai chilli sauce,
The Thai Culinary Experience,Thai Appetizers & Small Plates,7,Thai Herb Dumplings,,Delicate dumplings infused with Thai herbs,
The Thai Culinary Experience,Thai Appetizers & Small Plates,8,Kaffir Lime Paneer Bites,,Paneer infused with lemongrass and kaffir lime flavors,
The Thai Culinary Experience,Thai Salad Atelier,1,Som Tam,,Classic Thai raw papaya salad with bold tangy flavors,
The Thai Culinary Experience,Thai Salad Atelier,2,Thai Glass Noodle Salad,,Light noodles tossed with herbs and citrus dressing,
The Thai Culinary Experience,Thai Salad Atelier,3,Spicy Mango Salad,,Raw mango tossed with Thai spices and herbs,
The Thai Culinary Experience,Thai Salad Atelier,4,Pineapple & Chilli Salad,,Sweet pineapple balanced with chilli heat,
The Thai Culinary Experience,Thai Salad Atelier,5,Thai Herb Exotic Greens,,Fresh greens tossed in aromatic Thai dressing,
The Thai Culinary Experience,Thai Salad Atelier,6,Cucumber Peanut Salad,,Refreshing cucumber salad with peanut dressing,
The Thai Culinary Experience,Soup Bar,1,Tom Yum Soup,,Spicy and tangy Thai broth with herbs,
The Thai Culinary Experience,Soup Bar,2,Tom Kha Soup,,Creamy coconut soup with lemongrass and galangal,
The Thai Culinary Experience,Soup Bar,3,Thai Clear Vegetable Soup,,Light broth infused with Thai herbs,
The Thai Culinary Experience,Live Thai Wok Station – Base Selection,1,Pad Thai Noodles,,Classic Thai stir-fried noodles with balanced flavors,
The Thai Culinary Experience,Live Thai Wok Station – Base Selection,2,Flat Rice Noodles,,Soft noodles perfect for wok tossing,
The Thai Culinary Experience,Live Thai Wok Station – Base Selection,3,Jasmine Rice,,Fragrant steamed Thai rice,
The Thai Culinary Experience,Live Thai Wok Station – Base Selection,4,Sticky Rice,,Soft glutinous rice with a rich texture,
The Thai Culinary Experience,Live Thai Wok Station – Wok Toss Options,1,Thai Basil Vegetables,,Stir-fried vegetables with basil aroma,
The Thai Culinary Experience,Live Thai Wok Station – Wok Toss Options,2,Chilli Garlic Stir Fry,,Bold spicy vegetables with garlic,
The Thai Culinary Experience,Live Thai Wok Station – Wok Toss Options,3,Sweet Soy Vegetables,,Vegetables glazed in sweet soy sauce,
The Thai Culinary Experience,Live Thai Wok Station – Wok Toss Options,4,Cashew Nut Stir Fry,,Crunchy cashews with vegetables in Thai sauce,
The Thai Culinary Experience,Thai Curries & Mains,1,Thai Green Curry,,Coconut-based curry with basil and herbs,
The Thai Culinary Experience,Thai Curries & Mains,2,Thai Red Curry,,"Rich, spicy curry with aromatic spices",
The Thai Culinary Experience,Thai Curries & Mains,3,Thai Yellow Curry,,"Mild, creamy curry with subtle spices",
The Thai Culinary Experience,Thai Curries & Mains,4,Panang Curry,,Thick coconut curry with rich flavors,
The Thai Culinary Experience,Thai Curries & Mains,5,Massaman Curry,,Royal Thai curry with mild spices and depth,
The Thai Culinary Experience,Thai Curries & Mains,6,Thai Basil Vegetables,,Stir-fried vegetables in basil sauce,
The Thai Culinary Experience,Thai Curries & Mains,7,Tofu in Black Bean Sauce,,Tofu tossed in savory black bean sauce,
The Thai Culinary Experience,Thai Grill & Satay,1,Vegetable Satay,,Grilled vegetables served with peanut sauce,
The Thai Culinary Experience,Thai Grill & Satay,2,Pineapple Pepper Skewers,,Sweet and smoky skewers with Thai glaze,
The Thai Culinary Experience,Thai Grill & Satay,3,Lemongrass Paneer Skewers,,Paneer infused with lemongrass flavors,
The Thai Culinary Experience,Thai Grill & Satay,4,Sweet Chilli Mushroom Skewers,,Mushrooms glazed with sweet chilli sauce,
The Thai Culinary Experience,Rice & Sides,1,Steamed Jasmine Rice,,Light and aromatic Thai rice,
The Thai Culinary Experience,Rice & Sides,2,Thai Fried Rice,,Stir-fried rice with Thai seasonings,
The Thai Culinary Experience,Rice & Sides,3,Pineapple Fried Rice,,Sweet and savory rice with pineapple,
The Thai Culinary Experience,Rice & Sides,4,Sticky Rice with Sesame,,Glutinous rice topped with sesame,
The Thai Culinary Experience,Desserts,1,Mango Sticky Rice,,Classic Thai dessert with mango and coconut rice,
The Thai Culinary Experience,Desserts,2,Coconut Tapioca Pudding,,Creamy tapioca pearls in coconut milk,
The Thai Culinary Experience,Desserts,3,Thai Coconut Ice Cream,,Smooth coconut-based ice cream,
The Thai Culinary Experience,Desserts,4,Banana Fritters,,Crispy bananas drizzled with honey and sesame,
The Thai Culinary Experience,Desserts,5,Tub Tim Krob,,Water chestnuts in sweet coconut milk,
The Thai Culinary Experience,Beverages,1,Thai Iced Tea,,Sweet and creamy chilled Thai tea,
The Thai Culinary Experience,Beverages,2,Lemongrass Cooler,,Refreshing herbal drink with citrus notes,
The Thai Culinary Experience,Beverages,3,Coconut Water Infusion,,Hydrating coconut drink with subtle flavors,
The Thai Culinary Experience,Beverages,4,Kaffir Lime Mint Cooler,,Zesty drink with lime and mint freshness,
The Levantine Culinary Experience,Artisanal Breads & Mezze Essentials,1,Freshly Baked Pita Bread,,Soft and fluffy Middle Eastern bread served warm,
The Levantine Culinary Experience,Artisanal Breads & Mezze Essentials,2,Za'atar Flatbread,,Aromatic flatbread topped with za'atar herbs and olive oil,
The Levantine Culinary Experience,Artisanal Breads & Mezze Essentials,3,Olive Oil & Herb Focaccia,,Soft focaccia infused with Middle Eastern herbs,
The Levantine Culinary Experience,Artisanal Breads & Mezze Essentials,4,Crispy Lavash Crackers,,"Thin, crunchy crackers perfect for dips",
The Levantine Culinary Experience,Artisanal Breads & Mezze Essentials,5,Cheese Fatayer,,Baked pastry stuffed with creamy cheese filling,
The Levantine Culinary Experience,Artisanal Breads & Mezze Essentials,6,Spinach & Pine Nut Fatayer,,Savory pastry filled with spinach and toasted pine nuts,
The Levantine Culinary Experience,Cold Mezze Bar,1,Classic Hummus,,Creamy chickpea dip finished with olive oil,
The Levantine Culinary Experience,Cold Mezze Bar,2,Hummus Beiruti,,"Spicy hummus with garlic, chilli, and lemon",
The Levantine Culinary Experience,Cold Mezze Bar,3,Roasted Red Pepper Hummus,,Smoky hummus blended with roasted peppers,
The Levantine Culinary Experience,Cold Mezze Bar,4,Baba Ganoush,,Charred eggplant dip with a rich smoky flavor,
The Levantine Culinary Experience,Cold Mezze Bar,5,Muhammara,,Walnut and red pepper dip with a sweet-spicy profile,
The Levantine Culinary Experience,Cold Mezze Bar,6,Labneh with Herbs,,Thick strained yogurt drizzled with olive oil,
The Levantine Culinary Experience,Cold Mezze Bar,7,Tzatziki,,Refreshing yogurt dip with cucumber and herbs,
The Levantine Culinary Experience,Cold Mezze Bar,8,Stuffed Grape Leaves,,Tangy rice-filled vine leaves,
The Levantine Culinary Experience,Cold Mezze Bar,9,Pickled Vegetables & Olives,,Assorted pickles and olives with bold flavors,
The Levantine Culinary Experience,Levantine Salads,1,Fattoush Salad,,Crisp greens with toasted pita and tangy dressing,
The Levantine Culinary Experience,Levantine Salads,2,Tabbouleh,,Fresh parsley salad with bulgur and lemon,
The Levantine Culinary Experience,Levantine Salads,3,Mediterranean Chickpea Salad,,Chickpeas tossed with herbs and citrus,
The Levantine Culinary Experience,Levantine Salads,4,Grilled Vegetable Tahini Salad,,Charred vegetables with creamy tahini,
The Levantine Culinary Experience,Levantine Salads,5,Beetroot Yogurt Salad,,Beetroot blended with yogurt and spices,
The Levantine Culinary Experience,Hot Mezze & Small Plates,1,Falafel with Tahini,,Crispy chickpea fritters served with tahini dip,
The Levantine Culinary Experience,Hot Mezze & Small Plates,2,Cheese Sambousek,,Fried pastry filled with melted cheese,
The Levantine Culinary Experience,Hot Mezze & Small Plates,3,Spinach Sambousek,,Savory pastry stuffed with spiced spinach,
The Levantine Culinary Experience,Hot Mezze & Small Plates,4,Vegetarian Kibbeh,,Bulgur shells filled with flavorful vegetable mix,
The Levantine Culinary Experience,Hot Mezze & Small Plates,5,Batata Harra,,Spicy Lebanese potatoes with garlic and herbs,
The Levantine Culinary Experience,Hot Mezze & Small Plates,6,Grilled Halloumi,,Salted cheese grilled to perfection with herbs,
The Levantine Culinary Experience,Hot Mezze & Small Plates,7,Stuffed Mushrooms,,Mushrooms filled with cheese and herbs,
The Levantine Culinary Experience,Live Grill & Shawarma,1,Vegetable Shawarma,,Live-carved spiced vegetables in shawarma style,
The Levantine Culinary Experience,Live Grill & Shawarma,2,Paneer Shawarma Wraps,,Soft wraps filled with spiced paneer,
The Levantine Culinary Experience,Live Grill & Shawarma,3,Za'atar Veg Skewers,,Grilled vegetables seasoned with za'atar,
The Levantine Culinary Experience,Live Grill & Shawarma,4,Harissa Paneer Skewers,,Paneer marinated in spicy harissa,
The Levantine Culinary Experience,Live Grill & Shawarma,5,Sumac Mushroom Skewers,,Mushrooms seasoned with tangy sumac,
The Levantine Culinary Experience,Live Grill & Shawarma,6,Falafel Wrap Station,,Fresh falafel wraps prepared live,
The Levantine Culinary Experience,Lebanese Mains,1,Vegetable Moussaka,,Layered vegetable bake in rich tomato sauce,
The Levantine Culinary Experience,Lebanese Mains,2,Mujaddara,,Lentils and rice topped with caramelized onions,
The Levantine Culinary Experience,Lebanese Mains,3,Tahini Vegetable Stew,,Creamy stew with vegetables in tahini sauce,
The Levantine Culinary Experience,Lebanese Mains,4,Chickpea Spinach Tagine,,Slow-cooked chickpeas with spinach and spices,
The Levantine Culinary Experience,Lebanese Mains,5,Middle Eastern Spiced Rice,,Fragrant rice with nuts and spices,
The Levantine Culinary Experience,Rice & Accompaniments,1,Vermicelli Rice,,Rice cooked with toasted vermicelli,
The Levantine Culinary Experience,Rice & Accompaniments,2,Saffron Rice,,Aromatic rice with saffron and dry fruits,
The Levantine Culinary Experience,Rice & Accompaniments,3,Couscous with Vegetables,,Fluffy couscous with roasted vegetables,
The Levantine Culinary Experience,Rice & Accompaniments,4,Garlic Toum,,Bold garlic sauce with creamy texture,
The Levantine Culinary Experience,Rice & Accompaniments,5,Tahini Sauce,,Smooth sesame-based sauce,
The Levantine Culinary Experience,Rice & Accompaniments,6,Harissa Sauce,,Spicy North African chilli paste,
The Levantine Culinary Experience,Desserts,1,Baklava Assortment,,Layered pastry with nuts and honey syrup,
The Levantine Culinary Experience,Desserts,2,Kunafa,,Crispy pastry with cheese soaked in sugar syrup,
The Levantine Culinary Experience,Desserts,3,Basbousa,,Soft semolina cake infused with syrup,
The Levantine Culinary Experience,Desserts,4,Mahalabia,,Milk pudding flavored with rose essence,
The Levantine Culinary Experience,Desserts,5,Dates with Nuts & Honey,,Premium dates filled with nuts and drizzled with honey,
The Levantine Culinary Experience,Desserts,6,Turkish Delight,,Soft chewy sweets in assorted flavors,
The Levantine Culinary Experience,Beverages,1,Mint Lemonade,,Refreshing lemon drink with mint,
The Levantine Culinary Experience,Beverages,2,Rose Sharbat,,Floral rose-flavored cooler,
The Levantine Culinary Experience,Beverages,3,Arabic Kahwa,,Light spiced coffee with aromatic notes,
The Levantine Culinary Experience,Beverages,4,Fruit Infusions,,Fresh fruit-based refreshing beverages,
The Japanese Culinary Experience,Sushi & Maki Atelier,1,Avocado & Cream Cheese Sushi Rolls,,Creamy avocado paired with smooth cream cheese in delicate rolls,
The Japanese Culinary Experience,Sushi & Maki Atelier,2,Cucumber & Sesame Maki,,Fresh cucumber rolls finished with toasted sesame,
The Japanese Culinary Experience,Sushi & Maki Atelier,3,Tempura Vegetable Sushi,,Crispy tempura vegetables wrapped in sushi rice,
The Japanese Culinary Experience,Sushi & Maki Atelier,4,Asparagus Tempura Maki,,Crunchy asparagus tempura rolled in seasoned rice,
The Japanese Culinary Experience,Sushi & Maki Atelier,5,Spicy Paneer Sushi,,Fusion rolls with spiced paneer and Japanese flavors,
The Japanese Culinary Experience,Sushi & Maki Atelier,6,Mango & Avocado Sushi,,Sweet mango balanced with creamy avocado,
The Japanese Culinary Experience,Sushi & Maki Atelier,7,Rainbow Veg Sushi Platter,,Assorted colorful sushi selection with fresh vegetables,
The Japanese Culinary Experience,Sushi & Maki Atelier,8,Vegetable Nigiri,,Hand-pressed sushi topped with seasoned vegetables,
The Japanese Culinary Experience,Japanese Salads & Cold Plates,1,Japanese Potato Salad,,Creamy potato salad with a light Japanese twist,
The Japanese Culinary Experience,Japanese Salads & Cold Plates,2,Seaweed Salad (Wakame),,Refreshing seaweed with sesame dressing,
The Japanese Culinary Experience,Japanese Salads & Cold Plates,3,Goma-ae Spinach Salad,,Spinach tossed in rich sesame sauce,
The Japanese Culinary Experience,Japanese Salads & Cold Plates,4,Cucumber Sunomono,,Lightly pickled cucumber with a tangy flavor,
The Japanese Culinary Experience,Japanese Salads & Cold Plates,5,Edamame with Sea Salt,,Steamed soybeans sprinkled with sea salt,
The Japanese Culinary Experience,Japanese Salads & Cold Plates,6,Avocado & Citrus Salad,,Fresh avocado with zesty citrus dressing,
The Japanese Culinary Experience,Small Plates & Starters,1,Vegetable Tempura,,Lightly battered and fried seasonal vegetables,
The Japanese Culinary Experience,Small Plates & Starters,2,Tempura Broccoli & Baby Corn,,Crispy fried broccoli and baby corn,
The Japanese Culinary Experience,Small Plates & Starters,3,Crispy Tofu Teriyaki,,Golden tofu glazed with teriyaki sauce,
The Japanese Culinary Experience,Small Plates & Starters,4,Vegetable Gyoza,,Pan-fried dumplings with vegetable filling,
The Japanese Culinary Experience,Small Plates & Starters,5,Vegetable Korokke,,Japanese-style crispy potato croquettes,
The Japanese Culinary Experience,Small Plates & Starters,6,Paneer Katsu Bites,,Breaded paneer with a fusion Japanese twist,
The Japanese Culinary Experience,Teppanyaki Live Grill,1,Teppanyaki Vegetables,,Live stir-fried vegetables with Japanese seasoning,
The Japanese Culinary Experience,Teppanyaki Live Grill,2,Teriyaki Paneer Teppan,,Paneer grilled with teriyaki glaze,
The Japanese Culinary Experience,Teppanyaki Live Grill,3,Garlic Butter Mushrooms,,Mushrooms tossed in garlic butter on teppan,
The Japanese Culinary Experience,Teppanyaki Live Grill,4,Sweet Soy Vegetables,,Vegetables glazed in sweet soy sauce,
The Japanese Culinary Experience,Teppanyaki Live Grill,5,Japanese Fried Rice (Teppan),,Rice tossed live with Japanese flavors,
The Japanese Culinary Experience,Teppanyaki Live Grill,6,Udon Noodles Teppanyaki,,Thick noodles stir-fried on hot plate,
The Japanese Culinary Experience,Ramen & Noodle Bar,1,Vegetable Ramen (Miso Broth),,Noodles in rich miso-based broth,
The Japanese Culinary Experience,Ramen & Noodle Bar,2,Soy Garlic Ramen,,Aromatic ramen with soy and garlic notes,
The Japanese Culinary Experience,Ramen & Noodle Bar,3,Udon Noodle Soup,,Thick noodles in light savory broth,
The Japanese Culinary Experience,Ramen & Noodle Bar,4,Soba Noodle Stir Fry,,Buckwheat noodles stir-fried with vegetables,
The Japanese Culinary Experience,Ramen & Noodle Bar,5,Yakimeshi Rice,,Japanese-style stir-fried rice,
The Japanese Culinary Experience,Japanese Mains,1,Vegetable Katsu Curry,,Crispy vegetables served with Japanese curry,
The Japanese Culinary Experience,Japanese Mains,2,Japanese Curry Rice,,Mild and comforting curry with steamed rice,
The Japanese Culinary Experience,Japanese Mains,3,Tofu Teriyaki,,Tofu glazed in sweet and savory teriyaki,
The Japanese Culinary Experience,Japanese Mains,4,Soy Ginger Vegetables,,Stir-fried vegetables with soy and ginger,
The Japanese Culinary Experience,Rice & Accompaniments,1,Sticky Sushi Rice,,Seasoned rice used for sushi preparations,
The Japanese Culinary Experience,Rice & Accompaniments,2,Steamed Japanese Rice,,Soft and fluffy short-grain rice,
The Japanese Culinary Experience,Rice & Accompaniments,3,Pickled Ginger,,Tangy palate cleanser,
The Japanese Culinary Experience,Rice & Accompaniments,4,Wasabi & Soy Selection,,Traditional condiments for sushi,
The Japanese Culinary Experience,Rice & Accompaniments,5,Furikake Seasoning,,Japanese seasoning mix with sesame and seaweed,
The Japanese Culinary Experience,Desserts,1,Matcha Cheesecake,,Creamy cheesecake infused with green tea,
The Japanese Culinary Experience,Desserts,2,Mochi Ice Cream,,Soft rice dough filled with ice cream,
The Japanese Culinary Experience,Desserts,3,Dorayaki,,Japanese pancakes with sweet filling,
The Japanese Culinary Experience,Desserts,4,Tempura Fried Ice Cream,,Crispy-coated ice cream with warm shell,
The Japanese Culinary Experience,Desserts,5,Sesame Honey Balls,,Sweet dumplings with sesame coating,
The Japanese Culinary Experience,Beverages,1,Matcha Green Tea,,Traditional green tea served hot or cold,
The Japanese Culinary Experience,Beverages,2,Japanese Iced Tea,,Light and refreshing chilled tea,
The Japanese Culinary Experience,Beverages,3,Yuzu Lemonade,,Citrus drink with Japanese yuzu flavor,
The Japanese Culinary Experience,Beverages,4,Jasmine Tea,,Fragrant tea with floral aroma,
Signature Welcome Experience,,1,Hot Apple Cider & Japanese Tea Ceremony,,Warm spiced apple infusion & delicate brewed Japanese tea,
The Burmese Khao Suey Atelier,Artisanal Garnish Selection,1,Hand-pulled noodles,,Soft wheat noodles,
The Burmese Khao Suey Atelier,Artisanal Garnish Selection,2,Golden fried garlic crisps,,Crispy aromatic garlic,
The Burmese Khao Suey Atelier,Artisanal Garnish Selection,3,Caramelised onions,,Sweet slow-cooked onions,
The Burmese Khao Suey Atelier,Artisanal Garnish Selection,4,Crispy noodles,,Crunchy fried strands,
The Burmese Khao Suey Atelier,Artisanal Garnish Selection,5,Spring onion pearls,,Fresh green onion garnish,
The Burmese Khao Suey Atelier,Artisanal Garnish Selection,6,Green chilli brunoise,,Finely chopped chilli heat,
The Burmese Khao Suey Atelier,Artisanal Garnish Selection,7,Fresh onion shards,,Sharp onion crunch,
The Burmese Khao Suey Atelier,Artisanal Garnish Selection,8,Roasted peanut crumble,,Nutty texture,
The Burmese Khao Suey Atelier,Artisanal Garnish Selection,9,Chilli infused oil,,Spiced oil drizzle,
The Burmese Khao Suey Atelier,Artisanal Garnish Selection,10,Garden coriander,,Fresh herbal note,
The Burmese Khao Suey Atelier,Artisanal Garnish Selection,11,Citrus lemon essence,,Tangy freshness,
The Burmese Khao Suey Atelier,Artisanal Garnish Selection,12,Buttered broccoli florets,,Lightly sautéed broccoli,
The Burmese Khao Suey Atelier,Artisanal Garnish Selection,13,Glazed carrots,,Sweet butter-tossed carrots,
Oriental Dim Sum Pavilion (Live),Signature Dumplings,1,Emerald Corn & Spinach Dumplings,,Sweet corn & spinach filling in soft dumpling wrap,
Oriental Dim Sum Pavilion (Live),Signature Dumplings,2,Chilli Tofu & Scallion Infusion Dumplings,,Spiced tofu with spring onion notes,
Oriental Dim Sum Pavilion (Live),Signature Dumplings,3,Garden Harvest Vegetable Dumplings,,Mixed seasonal vegetable stuffing,
Oriental Dim Sum Pavilion (Live),Signature Dumplings,4,Water Chestnut & Bok Choy Crystal Dumplings,,Crunchy water chestnut with bok choy in translucent wrap,
Oriental Dim Sum Pavilion (Live),Signature Dip Collection,1,Smoked Red Chilli Relish,,Smoky spicy chutney,
Oriental Dim Sum Pavilion (Live),Signature Dip Collection,2,Roasted Tomato & Sesame Emulsion,,Nutty tomato blend,
Oriental Dim Sum Pavilion (Live),Signature Dip Collection,3,Classic Schezwan Essence,,Spicy Indo-Chinese sauce,
Oriental Dim Sum Pavilion (Live),Signature Dip Collection,4,Black Bean Reduction,,Rich fermented bean sauce,
European Baked Indulgence,,1,Classic Italian Lasagna Al Forno,,Layered pasta with rich tomato & cheese,
European Baked Indulgence,,2,Florentine Spinach & Cheese Bake,,Creamy spinach baked with cheese,
European Baked Indulgence,,3,Herb Ricotta Vegetable Cannelloni,,Stuffed pasta tubes with ricotta & herbs,
European Baked Indulgence,,4,Mexican Trio Gratination,,Baked Mexican-style vegetables & beans,
European Baked Indulgence,,5,Spinach & Cheese Roulade,,Rolled spinach with creamy cheese filling,
European Baked Indulgence,,6,Broccoli & Baby Corn Baked Pasta,,Creamy pasta with broccoli & baby corn,
Pita & Khubus Artisanal Bread Bar,,1,Brown Pita,,Whole wheat flatbread,
Pita & Khubus Artisanal Bread Bar,,2,White Pita,,Classic soft pita bread,
Pita & Khubus Artisanal Bread Bar,,3,Traditional Khubus,,Arabic flatbread,
Swiss Alpine Rösti Counter,,1,Wild Mushroom & Cheese Rösti,,Crispy potato with mushrooms & cheese,
Swiss Alpine Rösti Counter,,2,Spinach Infused Rösti,,Potato rösti blended with spinach,
Swiss Alpine Rösti Counter,,3,Creamy Garlic Spinach Delight,,Rich spinach in garlic cream sauce,
Swiss Alpine Rösti Counter,,4,Swiss Cheese Fondue,,Melted cheese served with vegetables & fruits for dipping,
The Grand Fromage Gallery,Curated Cheese Selection,1,Brie Royale,,Soft creamy cheese,
The Grand Fromage Gallery,Curated Cheese Selection,2,Bleu Artisan,,Strong blue cheese,
The Grand Fromage Gallery,Curated Cheese Selection,3,Camembert Reserve,,Earthy soft cheese,
The Grand Fromage Gallery,Curated Cheese Selection,4,Smoked Scamorza,,Lightly smoked cheese,
The Grand Fromage Gallery,Curated Cheese Selection,5,Italian Fontina,,Nutty semi-soft cheese,
The Grand Fromage Gallery,Curated Cheese Selection,6,Aged Goat Cheese,,Tangy goat milk cheese,
The Grand Fromage Gallery,Gourmet Accompaniments,1,Mediterranean olives,,Brined olives,
The Grand Fromage Gallery,Gourmet Accompaniments,2,Fresh strawberries,,Sweet freshness,
The Grand Fromage Gallery,Gourmet Accompaniments,3,Toasted walnuts,,Crunchy nuts,
The Grand Fromage Gallery,Gourmet Accompaniments,4,Carr's fine crackers,,Gourmet biscuits,
The Grand Fromage Gallery,Gourmet Accompaniments,5,Californian grapes,,Juicy grapes,
The Grand Fromage Gallery,Signature Dip Pairings,1,Pepper Jack Velvet Dip,,Mild spicy cheese dip,
The Grand Fromage Gallery,Signature Dip Pairings,2,Rosemary White Bean Purée,,Herbed creamy dip,
The Grand Fromage Gallery,Signature Dip Pairings,3,Caramel Fruit Reduction,,Sweet fruit glaze,
The Grand Fromage Gallery,Signature Dip Pairings,4,Creamy Artichoke Indulgence,,Rich artichoke dip,
The Grand Fromage Gallery,Signature Dip Pairings,5,Rustic Black Bean Salsa,,Chunky bean salsa,
Indian Fusion Legacy Kitchen,,1,Chiwara Tehri Royale,,Spiced flattened rice pulao,
Indian Fusion Legacy Kitchen,,2,Dal Moradabadi with Bihari Sattu Paratha,,Light spiced lentils with roasted gram flatbread,
Indian Fusion Legacy Kitchen,,3,Paneer Ghon Heritage Curry,,Traditional paneer curry with rustic spices,
Indian Fusion Legacy Kitchen,,4,Pindi Choley with Aloo Tamatar Rassa,,Punjabi chickpeas with tangy potato gravy,
Pan-Asian & Global Gourmet Mains,,1,Kashmiri Sesame Tadka Vegetables,,Vegetables tossed with sesame & spices,
Pan-Asian & Global Gourmet Mains,,2,Tandoor Paneer in Cherry Tomato Makini,,Grilled paneer in buttery tomato gravy,
Pan-Asian & Global Gourmet Mains,,3,Tofu Kofta in Goji Berry Essence,,Soft tofu dumplings in mildly sweet gravy,
Pan-Asian & Global Gourmet Mains,,4,Quinoa Tahini Tofu Kofta with Pumpkin Coconut Velouté,,Healthy kofta in creamy coconut pumpkin sauce,
Pan-Asian & Global Gourmet Mains,,5,Watermelon Curry with Steamed Rice,,Unique sweet-spicy watermelon curry,
Pan-Asian & Global Gourmet Mains,,6,Wild Mushroom & Pine Nut Pulao,,Fragrant rice with mushrooms & pine nuts,
Artisanal Kulcha Atelier,,1,Beetroot & Goat Cheese Kulcha,,Earthy beetroot with creamy goat cheese,
Artisanal Kulcha Atelier,,2,Blue Cheese Kulcha with Coconut Cream Infusion,,Sharp cheese balanced with mild coconut,
Artisanal Kulcha Atelier,,3,Camembert & Bhuna Aloo Kulcha,,French cheese with spiced Indian potatoes,
Heritage Grains & Wellness Bowls,,1,Rustic Brown Rice Khichdi,,Wholesome rice & lentil preparation,
Heritage Grains & Wellness Bowls,,2,Bajra & Cheese Khichdi with Wild Mushroom & Pine Nut Pulao,,Millet-based khichdi with gourmet twist,
Dessert Studio – Indian Indulgence Reimagined,,1,Besan Ladoo Tart with Saffron Cheesecake,,Fusion of Indian sweet & cheesecake,
Dessert Studio – Indian Indulgence Reimagined,,2,Doda Barfi Terrace Tart,,Rich caramelised milk fudge tart,
Dessert Studio – Indian Indulgence Reimagined,,3,Royal Tamatar Halwa,,Slow-cooked tomato dessert with ghee & dry fruits,
The Regal Greens & Global Salad Symphony,,1,Royal Garden Harvest Salad,,"A vibrant medley of farm-fresh greens, seasonal vegetables, and light herb dressing",
The Regal Greens & Global Salad Symphony,,2,Mediterranean Pearl Couscous Salad,,"Fluffy couscous tossed with olives, herbs, vegetables, and citrus dressing",
The Regal Greens & Global Salad Symphony,,3,Exotic Fruit & Nut Symphony Salad,,Seasonal fruits paired with toasted nuts and a hint of honey glaze,
The Regal Greens & Global Salad Symphony,,4,Truffle Infused Wild Mushroom Salad,,Sautéed mushrooms enhanced with delicate truffle essence and herbs,
The Regal Greens & Global Salad Symphony,,5,Burrata & Heirloom Tomato Elegance,,Creamy burrata paired with heirloom tomatoes and basil drizzle,
The Regal Greens & Global Salad Symphony,,6,Classic Caesar Royale Salad,,"Crisp lettuce with parmesan, croutons, and rich Caesar dressing",
The Regal Greens & Global Salad Symphony,,7,Avocado Citrus Luxe Salad,,Creamy avocado balanced with zesty citrus and fresh greens,
The Regal Greens & Global Salad Symphony,,8,Greek Feta & Olive Heritage Salad,,"Feta cheese with olives, cucumber, and Mediterranean dressing",
The Regal Greens & Global Salad Symphony,,9,Asian Sesame Crunch Salad,,Crisp vegetables tossed in a nutty sesame dressing with a crunchy finish,
The Regal Greens & Global Salad Symphony,,10,Quinoa & Roasted Vegetable Delight,,Protein-rich quinoa combined with slow-roasted seasonal vegetables,
The Regal Greens & Global Salad Symphony,,11,Watermelon Feta Mint Refresher,,"Juicy watermelon with feta, mint, and a refreshing light dressing",
The Regal Greens & Global Salad Symphony,,12,Pineapple Chili Honey Fusion Salad,,Sweet pineapple elevated with chili heat and honey glaze,
The Regal Greens & Global Salad Symphony,,13,Smoked Corn & Bell Pepper Fiesta,,Charred corn and peppers tossed in smoky spices and herbs,
The Regal Greens & Global Salad Symphony,,14,Cranberry Walnut Garden Salad,,Fresh greens with tart cranberries and toasted walnuts,
The Regal Greens & Global Salad Symphony,,15,Kale & Apple Honey Mustard Salad,,Crunchy kale paired with apples and a honey mustard dressing,
The Regal Greens & Global Salad Symphony,,16,Thai Raw Papaya Signature Salad,,"Shredded papaya with tangy, spicy Thai-style dressing",
The Regal Greens & Global Salad Symphony,,17,Oriental Glass Noodle Salad,,Silky noodles tossed with vegetables in a light soy-sesame dressing,
The Regal Greens & Global Salad Symphony,,18,Zesty Chickpea Mediterranean Salad,,"Chickpeas mixed with herbs, vegetables, and citrus notes",
The Regal Greens & Global Salad Symphony,,19,Russian Heritage Potato Salad,,Creamy potatoes blended with vegetables and classic seasoning,
The Regal Greens & Global Salad Symphony,,20,Creamy Coleslaw Deluxe Edition,,Finely shredded cabbage and carrot in a smooth creamy dressing,
Gourmet & Designer Salads,,1,Roasted Beetroot & Goat Cheese Symphony,,Oven-roasted beetroot paired with creamy goat cheese and subtle herb notes,
Gourmet & Designer Salads,,2,Charred Broccoli Almond Salad,,Lightly charred broccoli tossed with toasted almonds and delicate seasoning,
Gourmet & Designer Salads,,3,Citrus Arugula Parmesan Salad,,Peppery arugula with citrus accents and shaved parmesan,
Gourmet & Designer Salads,,4,Pesto Pasta Primavera Salad,,Pasta tossed with fresh vegetables in a fragrant basil pesto dressing,
Gourmet & Designer Salads,,5,Sun-Dried Tomato & Olive Medley,,Intense sun-dried tomatoes and olives blended with herbs and olive oil,
Gourmet & Designer Salads,,6,Mango Avocado Summer Luxe Salad,,Juicy mango and creamy avocado with a refreshing light dressing,
Gourmet & Designer Salads,,7,Lebanese Fattoush Signature Salad,,Crisp vegetables and toasted pita in a tangy sumac dressing,
Gourmet & Designer Salads,,8,Tabbouleh Parsley & Bulgur Classic,,"Finely chopped parsley with bulgur, tomatoes, and lemon dressing",
Gourmet & Designer Salads,,9,Italian Antipasto Salad Platter,,"A gourmet assortment of vegetables, cheese, and Mediterranean flavors",
Gourmet & Designer Salads,,10,Caprese Skewers with Balsamic Drizzle,,"Cherry tomatoes, mozzarella, and basil finished with balsamic glaze",
Royal Indian Fusion Salads,,1,Shahi Sprouts Chaat Salad,,"Nutritious sprouts tossed with chutneys, spices, and a hint of citrus zest",
Royal Indian Fusion Salads,,2,Anardana Kachumber Royale,,Freshly chopped vegetables enhanced with pomegranate pearls and tangy seasoning,
Royal Indian Fusion Salads,,3,Rajasthani Kheera Mirch Salad,,Cucumber and green chilli tossed in traditional Rajasthani spices,
Royal Indian Fusion Salads,,4,Desi Chana Chaat Gourmet Bowl,,"Boiled chickpeas mixed with onions, tomatoes, and classic chaat masala",
Royal Indian Fusion Salads,,5,Dahi Bhalla Salad Fusion,,"Soft lentil dumplings layered with yogurt, chutneys, and mild spices",
Royal Indian Fusion Salads,,6,Moong Dal Kosambari Heritage Salad,,"Soaked moong dal with coconut, curry leaves, and light tempering",
Royal Indian Fusion Salads,,7,Pudina Aloo Chatpata Salad,,Boiled potatoes tossed in mint chutney and tangy Indian spices,
Royal Indian Fusion Salads,,8,Beetroot Raita Infused Salad,,Grated beetroot blended with yogurt and subtle roasted spices,
Royal Indian Fusion Salads,,9,Laccha Pyaz Mint Dressing Salad,,Sliced onions tossed in mint dressing and mild seasoning,
Royal Indian Fusion Salads,,10,Khatti Meethi Imli Fruit Salad,,Seasonal fruits glazed with sweet and tangy tamarind dressing,
Royal Paneer & Vegetable Kitchen,,1,Rajwadi Shahi Paneer Nazakat,,Rich tomato gravy finished with cream and royal spices,
Royal Paneer & Vegetable Kitchen,,2,Paneer Makhmali Mehfil,,Silky butter gravy with a luxurious velvety finish,
Royal Paneer & Vegetable Kitchen,,3,Kesar Pista Paneer Darbari,,Saffron infused gravy with pistachio richness,
Royal Paneer & Vegetable Kitchen,,4,Paneer Gulnaar Khaas,,Delicate paneer in mildly sweet Mughlai-style gravy,
Royal Paneer & Vegetable Kitchen,,5,Rajputana Laal Maas Paneer,,Fiery Rajasthani red chilli gravy with paneer twist,
Royal Paneer & Vegetable Kitchen,,6,Paneer Angaara Tikka Masala,,Char-grilled paneer in smoky spiced gravy,
Royal Paneer & Vegetable Kitchen,,7,Dum Paneer Rajwada Handi,,Slow-cooked paneer in sealed handi with aromatic spices,
Royal Paneer & Vegetable Kitchen,,8,Paneer Badami Shahi Korma,,Almond-rich creamy gravy with subtle sweetness,
Royal Paneer & Vegetable Kitchen,,9,Paneer Khazana Darbari,,Stuffed paneer dumplings in royal gravy,
Royal Paneer & Vegetable Kitchen,,10,Paneer Anjeer Malai Vilas,,Paneer with fig-infused creamy gravy,
Royal Paneer & Vegetable Kitchen,,11,Paneer Zafrani Lahori,,Saffron flavoured rich and aromatic curry,
Royal Paneer & Vegetable Kitchen,,12,Paneer Subz Miloni Rajputana,,Paneer with seasonal vegetables in royal gravy,
Royal Paneer & Vegetable Kitchen,,13,Paneer Lababdar Shahi Rasoi,,Tangy tomato gravy enriched with butter and cream,
Royal Paneer & Vegetable Kitchen,,14,Paneer Adraki Lahsun Tadka,,Paneer tempered with ginger-garlic flavours,
Royal Paneer & Vegetable Kitchen,,15,Paneer Kasturi Methi Malai,,Creamy gravy finished with dried fenugreek leaves,
Royal Paneer & Vegetable Kitchen,,16,Paneer Jodhpuri Mirch Masala,,Spicy Rajasthani style paneer with bold chilli flavours,
Royal Paneer & Vegetable Kitchen,,17,Paneer Mewari Safed Maas Fusion,,White creamy gravy inspired by safed maas,
Royal Paneer & Vegetable Kitchen,,18,Paneer Butter Delight Chandni Chowk,,Classic butter paneer with rich finish,
Royal Paneer & Vegetable Kitchen,,19,Paneer Tawa Subz Rangrez,,Tossed paneer with vegetables on hot tawa spices,
Royal Paneer & Vegetable Kitchen,,20,Paneer Achari Rajputana,,Pickle-spiced paneer with tangy masala,
Royal Paneer & Vegetable Kitchen,,21,Paneer Til Khaas,,Sesame flavoured paneer in nutty gravy,
Royal Paneer & Vegetable Kitchen,,22,Paneer Lahsunia Teekha Tadka,,Garlic-forward spicy paneer preparation,
Royal Paneer & Vegetable Kitchen,,23,Paneer Malai Makhana Shahi,,Paneer with lotus seeds in creamy gravy,
Royal Paneer & Vegetable Kitchen,,24,Paneer Palak Noorani,,Paneer in smooth spinach gravy with royal finish,
Royal Paneer & Vegetable Kitchen,,25,Paneer Hara Dhaniya Adraki,,Fresh coriander and ginger flavoured paneer,
Royal Paneer & Vegetable Kitchen,,26,Paneer Do Pyaza Rajwada,,Paneer cooked with double onion richness,
Royal Paneer & Vegetable Kitchen,,27,Paneer Kaju Kishmish Shahi,,Cashew and raisin rich festive preparation,
Royal Paneer & Vegetable Kitchen,,28,Paneer Tikka Lababdar Royale,,Tandoori paneer in thick lababdar gravy,
Royal Paneer & Vegetable Kitchen,,29,Paneer Hariyali Angaara,,Green herb marinated paneer in smoky gravy,
Royal Paneer & Vegetable Kitchen,,30,Paneer Nawabi Pasanda,,Stuffed paneer slices in luxurious Mughlai gravy,
The Kofta Pavilion of Royal Flavours,,1,Shahi Malai Kofta Darbar,,Soft koftas in rich creamy gravy,
The Kofta Pavilion of Royal Flavours,,2,Rajwada Subz Kofta Nazakat,,Vegetable dumplings in delicately spiced gravy,
The Kofta Pavilion of Royal Flavours,,3,Kaju Anjeer Kofta Shahi Vilas,,Cashew and fig koftas in luxurious gravy,
The Kofta Pavilion of Royal Flavours,,4,Nargisi Kofta Rajsi Khazana,,Stuffed kofta delicacy with royal finish,
The Kofta Pavilion of Royal Flavours,,5,Palak Paneer Kofta Noorani,,Spinach and paneer koftas in smooth green gravy,
The Kofta Pavilion of Royal Flavours,,6,Methi Malai Kofta Rajputana,,Fenugreek flavoured koftas in creamy base,
The Kofta Pavilion of Royal Flavours,,7,Kashmiri Dry Fruit Kofta Khaas,,Rich koftas infused with nuts and subtle sweetness,
The Kofta Pavilion of Royal Flavours,,8,Paneer Badami Kofta Darbari,,Almond enriched paneer koftas in silky gravy,
The Kofta Pavilion of Royal Flavours,,9,Hariyali Kofta Angaara,,Herb infused koftas in vibrant green masala,
The Kofta Pavilion of Royal Flavours,,10,Lauki Kofta Shahi Rasoi,,Bottle gourd koftas in light spiced gravy,
The Kofta Pavilion of Royal Flavours,,11,Khoya Kaju Kofta Rajwada,,Khoya and cashew koftas in rich festive gravy,
The Kofta Pavilion of Royal Flavours,,12,Til Khoya Kofta Khaas,,Sesame and khoya based koftas in nutty gravy,
The Kofta Pavilion of Royal Flavours,,13,Paneer Tikka Kofta Angaara,,Tandoori paneer koftas in smoky gravy,
The Kofta Pavilion of Royal Flavours,,14,Adraki Lahsun Kofta Darbar,,Ginger garlic infused koftas in bold gravy,
The Kofta Pavilion of Royal Flavours,,15,Subz Korma Kofta Rajsi,,Vegetable koftas in rich korma gravy,
The Kofta Pavilion of Royal Flavours,,16,Pista Malai Kofta Vilas,,Pistachio infused koftas in creamy gravy,
The Kofta Pavilion of Royal Flavours,,17,Paneer Anardana Kofta Nazakat,,Paneer koftas with tangy pomegranate notes,
The Kofta Pavilion of Royal Flavours,,18,Palak Makhana Kofta Noor,,Spinach and lotus seed koftas in creamy base,
The Kofta Pavilion of Royal Flavours,,19,Kaju Kishmish Kofta Shahi,,Cashew and raisin koftas in festive gravy,
The Kofta Pavilion of Royal Flavours,,20,Rajputana Mirch Kofta Angaara,,Spicy chilli koftas in bold Rajasthani style,
The Royal Matar Sabzi Selection,,1,Matar Paneer Rajwada,,Green peas and paneer in rich tomato gravy,
The Royal Matar Sabzi Selection,,2,Matar Malai Nazakat,,Peas in smooth creamy gravy with subtle sweetness,
The Royal Matar Sabzi Selection,,3,Matar Mushroom Shahi Rasoi,,Peas and mushrooms in aromatic spiced gravy,
The Royal Matar Sabzi Selection,,4,Matar Palak Noorani,,Peas in velvety spinach gravy,
The Royal Matar Sabzi Selection,,5,Matar Methi Malai Darbari,,Peas with fenugreek in rich creamy base,
The Royal Matar Sabzi Selection,,6,Matar Kaju Kishmish Vilas,,Peas with cashew and raisins in festive gravy,
The Royal Matar Sabzi Selection,,7,Matar Badami Shahi,,Peas cooked in almond rich gravy,
The Royal Matar Sabzi Selection,,8,Matar Subz Miloni Rajputana,,Peas with seasonal vegetables in royal masala,
The Royal Matar Sabzi Selection,,9,Matar Adraki Lahsun Tadka,,Peas tempered with ginger and garlic flavours,
The Royal Matar Sabzi Selection,,10,Matar Tamatar Rasoi Shahi,,Classic peas in rich tomato gravy with royal touch,
The Royal Matar Sabzi Selection,,11,Matar Hariyali Angaara,,Peas in fresh green herb gravy with smoky notes,
The Royal Matar Sabzi Selection,,12,Matar Zafrani Khazana,,Saffron infused peas delicacy,
The Royal Matar Sabzi Selection,,13,Matar Mirch Rajputana,,Spicy peas cooked in bold Rajasthani style,
The Royal Matar Sabzi Selection,,14,Matar Til Badami Vilas,,Peas in sesame and almond gravy,
The Royal Matar Sabzi Selection,,15,Matar Dum Handi Rajwada,,Slow-cooked peas in sealed handi with aromatic spices,
The Royal Matar Sabzi Selection,,16,Matar Korma Shahi Khazana,,Peas in mild Mughlai style creamy gravy,
The Royal Matar Sabzi Selection,,17,Matar Lahsunia Teekha,,Garlic flavoured spicy peas preparation,
The Royal Matar Sabzi Selection,,18,Matar Hara Dhaniya Rasoi,,Peas with fresh coriander based gravy,
The Royal Matar Sabzi Selection,,19,Matar Anardana Khaas,,Peas with tangy pomegranate twist,
The Royal Matar Sabzi Selection,,20,Matar Khoya Vilas,,Peas cooked with rich khoya gravy,
Aloo & Regional Specialties,,1,Rajwadi Aloo Pyaz Rasoi,,Rustic potato and onion curry in traditional spices,
Aloo & Regional Specialties,,2,Dum Aloo Rajwada Handi,,Slow-cooked baby potatoes in aromatic gravy,
Aloo & Regional Specialties,,3,Kashmiri Dum Aloo Shahi,,Classic Kashmiri style potatoes in rich spices,
Aloo & Regional Specialties,,4,Hara Dhaniya Bharwan Aloo Vilas,,Coriander stuffed potatoes with herbaceous flavour,
Aloo & Regional Specialties,,5,Bhojpuri Aloo Teekha Khaas,,Spicy regional potato curry with bold flavours,
Aloo & Regional Specialties,,6,Achari Dum Aloo Rajputana,,Pickle-spiced potatoes in tangy gravy,
Aloo & Regional Specialties,,7,Jeera Aloo Darbari,,Cumin tempered potatoes with royal simplicity,
Aloo & Regional Specialties,,8,Sikampuri Bharwan Aloo Shahi,,Stuffed potato delicacy with rich filling,
Aloo & Regional Specialties,,9,Aloo Methi Malai Rajsi,,Potatoes with fenugreek in creamy gravy,
Aloo & Regional Specialties,,10,Aloo Palak Noorani,,Potatoes in smooth spinach gravy,
Aloo & Regional Specialties,,11,Aloo Kaju Khoya Vilas,,Potatoes in cashew and khoya rich gravy,
Aloo & Regional Specialties,,12,Aloo Mirch Rajputana Angaara,,Spicy chilli potatoes in bold Rajasthani style,
Aloo & Regional Specialties,,13,Aloo Tamatar Rasoi Shahi,,Classic potato tomato curry with royal finish,
Aloo & Regional Specialties,,14,Aloo Subz Miloni Rajwada,,Potatoes with mixed vegetables in rich gravy,
Aloo & Regional Specialties,,15,Aloo Badami Korma Darbari,,Potatoes in almond based creamy gravy,
Aloo & Regional Specialties,,16,Aloo Adraki Lahsun Tadka,,Potatoes tempered with ginger and garlic,
Aloo & Regional Specialties,,17,Aloo Zafrani Khazana,,Saffron infused potato delicacy,
Aloo & Regional Specialties,,18,Aloo Til Badami Vilas,,Potatoes in sesame and almond gravy,
Aloo & Regional Specialties,,19,Aloo Hariyali Angaara,,Herb coated potatoes with smoky flavour,
Aloo & Regional Specialties,,20,Aloo Pudina Chatpata Khaas,,Mint flavoured tangy potato preparation,
Aloo & Regional Specialties,,21,Aloo Anardana Rajsi,,Potatoes with pomegranate tangy twist,
Aloo & Regional Specialties,,22,Aloo Lahsunia Teekha,,Garlic flavoured spicy potatoes,
Aloo & Regional Specialties,,23,Aloo Rajma Miloni Shahi,,Potatoes and kidney beans in rich gravy,
Aloo & Regional Specialties,,24,Aloo Makhanwala Rajwada,,Butter enriched potatoes in smooth gravy,
Aloo & Regional Specialties,,25,Aloo Kasturi Methi Malai,,Potatoes in creamy gravy with fenugreek aroma,
Aloo & Regional Specialties,,26,Aloo Hing Jeera Vilas,,Asafoetida and cumin tempered potatoes,
Aloo & Regional Specialties,,27,Aloo Tamatar Dhaba Style Rajsi,,Rustic tomato based potato curry with bold spices,
Aloo & Regional Specialties,,28,Aloo Pyaaz Angaara Tawa,,Tossed potatoes and onions with smoky spices,
The Imperial Curry Khazana,,1,Palak Chana Rajsi Vilas,,Spinach and chickpeas in rich spiced gravy,
The Imperial Curry Khazana,,2,Corn Kaju Khazana Shahi,,Sweet corn in cashew enriched creamy gravy,
The Imperial Curry Khazana,,3,Baby Corn Badami Darbari,,Baby corn in almond based royal gravy,
The Imperial Curry Khazana,,4,Corn Palak Noorani,,Sweet corn simmered in velvety spinach gravy,
The Imperial Curry Khazana,,5,Methi Chana Rajputana,,Chickpeas with fenugreek in aromatic spices,
The Imperial Curry Khazana,,6,Chana Masala Rajwada Rasoi,,Punjabi chickpeas in rich tomato gravy,
The Imperial Curry Khazana,,7,Chana Korma Shahi Khazana,,Chickpeas in mild Mughlai style creamy gravy,
The Imperial Curry Khazana,,8,Palak Kaju Vilas,,Spinach with cashew richness in smooth gravy,
The Imperial Curry Khazana,,9,Corn Mushroom Angaara,,Corn and mushrooms in smoky spiced gravy,
The Imperial Curry Khazana,,10,Chana Anardana Khaas,,Chickpeas with tangy pomegranate twist,
The Imperial Curry Khazana,,11,Palak Subz Miloni Rajsi,,Spinach with mixed vegetables in royal gravy,
The Imperial Curry Khazana,,12,Corn Zafrani Khazana,,Saffron infused corn delicacy,
The Imperial Curry Khazana,,13,Chana Lahsunia Teekha,,Garlic flavoured spicy chickpea curry,
The Imperial Curry Khazana,,14,Baby Corn Makhmali Shahi,,Baby corn in creamy velvety gravy,
The Imperial Curry Khazana,,15,Palak Adraki Lahsun Rasoi,,Spinach with ginger garlic tempered flavour,
The Imperial Curry Khazana,,16,Chana Til Badami Vilas,,Chickpeas in sesame and almond gravy,
The Imperial Curry Khazana,,17,Corn Hariyali Angaara,,Corn in green herb based gravy with smoky notes,
The Imperial Curry Khazana,,18,Chana Kaju Kishmish Darbari,,Chickpeas with cashew and raisins in festive gravy,
The Imperial Curry Khazana,,19,Palak Methi Malai Rajwada,,Spinach and fenugreek in creamy indulgent base,
The Imperial Curry Khazana,,20,Corn Subz Korma Rajsi,,Corn and vegetables in rich korma gravy,
The Rajputana Sabz Bhandar,,1,Gobi Mughlai Shahi Vilas,,Cauliflower in rich Mughlai style gravy,
The Rajputana Sabz Bhandar,,2,Gobi Do Pyaza Darbari,,Cauliflower with caramelised onions and spices,
The Rajputana Sabz Bhandar,,3,Gobi Matar Punjabi Rasoi,,Classic cauliflower and peas in hearty gravy,
The Rajputana Sabz Bhandar,,4,Live Gobi Angaara Station,,Freshly prepared cauliflower tossed live with spices,
The Rajputana Sabz Bhandar,,5,Rajwadi Aloo Gobi Rasoi,,Potato and cauliflower in traditional Rajasthani spices,
The Rajputana Sabz Bhandar,,6,Gobi Malai Makhmali Shahi,,Cauliflower in creamy velvety gravy,
The Rajputana Sabz Bhandar,,7,Gobi Kaju Khazana Rajsi,,Cauliflower in cashew rich gravy,
The Rajputana Sabz Bhandar,,8,Gobi Adraki Lahsun Tadka,,Cauliflower tempered with ginger and garlic,
The Rajputana Sabz Bhandar,,9,Gobi Palak Noorani,,Cauliflower in smooth spinach gravy,
The Rajputana Sabz Bhandar,,10,Gobi Methi Malai Darbar,,Cauliflower with fenugreek in creamy base,
The Rajputana Sabz Bhandar,,11,Gobi Achari Rajputana,,Pickle-spiced cauliflower with tangy flavours,
The Rajputana Sabz Bhandar,,12,Gobi Mirch Angaara Rajwada,,Spicy chilli cauliflower in bold Rajasthani style,
The Rajputana Sabz Bhandar,,13,Gobi Subz Miloni Shahi,,Cauliflower with mixed vegetables in rich gravy,
The Rajputana Sabz Bhandar,,14,Gobi Badami Korma Darbari,,Cauliflower in almond based creamy gravy,
The Rajputana Sabz Bhandar,,15,Gobi Tamatar Rasoi Shahi,,Cauliflower in rich tomato gravy with royal touch,
The Rajputana Sabz Bhandar,,16,Gobi Hariyali Angaara,,Herb based green gravy with smoky cauliflower,
The Rajputana Sabz Bhandar,,17,Gobi Anardana Khaas,,Cauliflower with tangy pomegranate twist,
The Rajputana Sabz Bhandar,,18,Gobi Til Badami Vilas,,Cauliflower in sesame and almond gravy,
The Rajputana Sabz Bhandar,,19,Gobi Zafrani Khazana,,Saffron infused cauliflower delicacy,
The Rajputana Sabz Bhandar,,20,Gobi Kaju Kishmish Rajsi,,Cauliflower with cashew and raisins in festive gravy,
The Rajputana Marwari Rasoi,,1,Bharwan Tinda Rajwada Vilas,,Stuffed apple gourd with spiced filling,
The Rajputana Marwari Rasoi,,2,Tinda Masala Darbari,,Spiced tinda curry with rich flavours,
The Rajputana Marwari Rasoi,,3,Shahi Mewa Bharwan Tinda,,Dry fruit stuffed tinda in royal gravy,
The Rajputana Marwari Rasoi,,4,Halwai Wala Tinda Rasoi,,Traditional halwai-style tinda preparation,
The Rajputana Marwari Rasoi,,5,Govind Gatta Shahi Khazana,,Classic Rajasthani gram flour dumplings in rich curry,
The Rajputana Marwari Rasoi,,6,Gatta Do Pyaza Rajsi,,Gatta with caramelised onions in spiced gravy,
The Rajputana Marwari Rasoi,,7,Jodhpuri Gatta Rasoi,,Authentic Jodhpur-style gatta curry,
The Rajputana Marwari Rasoi,,8,Jaipuri Gatta Darbar,,Jaipur-style gatta in royal gravy,
The Rajputana Marwari Rasoi,,9,Besaniya Do Pyaza Rajwada,,Besan based curry with onion richness,
The Rajputana Marwari Rasoi,,10,Jodhpuri Chakki Shahi Vilas,,Gram flour delicacy in traditional spices,
The Rajputana Marwari Rasoi,,11,Chakki Do Pyaza Darbari,,Chakki in onion based rich gravy,
The Rajputana Marwari Rasoi,,12,Ker Sangri Rajputana Khaas,,Iconic desert beans and berries with traditional spices,
The Rajputana Marwari Rasoi,,13,Panchkuta Shahi Sangam,,"Ker, sangri, kumat and desert beans medley",
The Rajputana Marwari Rasoi,,14,Ker Sangri Achari Rajwada,,Pickled style ker sangri with bold flavours,
The Rajputana Marwari Rasoi,,15,Gatte Ka Saag Rajsi,,Gatta cooked in spinach based gravy,
The Rajputana Marwari Rasoi,,16,Methi Gatta Malai Darbar,,Fenugreek flavoured gatta in creamy gravy,
The Rajputana Marwari Rasoi,,17,Masala Gatta Angaara Rajputana,,Spicy roasted gatta in bold masala,
The Rajputana Marwari Rasoi,,18,Bharwan Mirch Rajwadi Khaas,,Stuffed green chillies with spiced filling,
The Rajputana Marwari Rasoi,,19,Besan Mirchi Rasoi Shahi,,Chillies cooked in gram flour based gravy,
The Rajputana Marwari Rasoi,,20,Papad Mangodi Rajputana,,Papad and lentil dumplings in spiced curry,
The Rajputana Marwari Rasoi,,21,Mangodi Aloo Rasoi Vilas,,Lentil dumplings with potatoes in traditional gravy,
The Rajputana Marwari Rasoi,,22,Mangodi Methi Rajsi,,Mangodi with fenugreek in aromatic curry,
The Rajputana Marwari Rasoi,,23,Sev Tamatar Rajwada Rasoi,,Crispy sev in tangy tomato gravy,
The Rajputana Marwari Rasoi,,24,Rajasthani Kadhi Pakoda Darbar,,Traditional kadhi with gram flour dumplings,
The Rajputana Marwari Rasoi,,25,Kadhi Mangodi Shahi Khazana,,Kadhi with lentil dumplings in rich style,
The Rajputana Marwari Rasoi,,26,Bajra Khichdi Rajputana Vilas,,Pearl millet khichdi with rustic flavours,
The Rajputana Marwari Rasoi,,27,Moong Mogar Mangodi Rasoi,,Split moong with mangodi in traditional style,
Bhindi & Seasonal Vegetables,,1,Bhindi Mirchi Rajwada Angaara,,Okra tossed with green chillies and bold spices,
Bhindi & Seasonal Vegetables,,2,Bhindi Do Pyaza Darbari,,Okra with caramelised onions in rich masala,
Bhindi & Seasonal Vegetables,,3,Kurkuri Bhindi Shahi Nazakat,,Crispy fried okra with light spiced coating,
Bhindi & Seasonal Vegetables,,4,Bharwan Bhindi Rajsi Vilas,,Stuffed okra with spiced masala filling,
Bhindi & Seasonal Vegetables,,5,Bhindi Masala Rajputana Rasoi,,Okra cooked in traditional spiced gravy,
Bhindi & Seasonal Vegetables,,6,Bhindi Kaju Khazana Shahi,,Okra in cashew enriched creamy gravy,
Bhindi & Seasonal Vegetables,,7,Bhindi Achari Rajwada,,Pickle-spiced okra with tangy flavours,
Bhindi & Seasonal Vegetables,,8,Bhindi Methi Malai Darbar,,Okra with fenugreek in creamy base,
Bhindi & Seasonal Vegetables,,9,Bhindi Adraki Lahsun Tadka,,Okra tempered with ginger and garlic flavours,
Bhindi & Seasonal Vegetables,,10,Bhindi Hariyali Angaara,,Okra in fresh green herb based masala,
Bhindi & Seasonal Vegetables,,11,Bhindi Til Badami Vilas,,Okra in sesame and almond gravy,
Bhindi & Seasonal Vegetables,,12,Bhindi Anardana Khaas,,Okra with tangy pomegranate twist,
Bhindi & Seasonal Vegetables,,13,Bhindi Tamatar Rasoi Shahi,,Okra in rich tomato based gravy,
Bhindi & Seasonal Vegetables,,14,Bhindi Mirch Lahsunia Teekha,,Spicy okra with garlic and chilli flavours,
Bhindi & Seasonal Vegetables,,15,Bhindi Subz Miloni Rajwada,,Okra with mixed vegetables in royal gravy,
Bhindi & Seasonal Vegetables,,16,Bhindi Palak Noorani,,Okra in smooth spinach gravy,
Bhindi & Seasonal Vegetables,,17,Bhindi Zafrani Khazana,,Saffron infused okra delicacy,
Bhindi & Seasonal Vegetables,,18,Bhindi Kaju Kishmish Rajsi,,Okra with cashew and raisins in festive style,
Bhindi & Seasonal Vegetables,,19,Bhindi Angaara Tawa Rajputana,,Tawa tossed okra with smoky spices,
Bhindi & Seasonal Vegetables,,20,Bhindi Pudina Chatpata Vilas,,Mint flavoured tangy okra preparation,
The Rajputana Bharwan & Subz Darbar,,1,Bharwan Tamatar Rajwada Vilas,,Stuffed baked tomatoes with spiced filling,
The Rajputana Bharwan & Subz Darbar,,2,Tofu Bharwan Tamatar Fusion Shahi,,Fusion stuffed tomatoes with tofu filling,
The Rajputana Bharwan & Subz Darbar,,3,Bharwan Karela Rajsi Khaas,,Stuffed bitter gourd with traditional masala,
The Rajputana Bharwan & Subz Darbar,,4,Arbi Do Pyaza Darbari,,Colocasia with caramelised onions and spices,
The Rajputana Bharwan & Subz Darbar,,5,Baingan Masala Rajputana Rasoi,,Brinjal cooked in rich spiced gravy,
The Rajputana Bharwan & Subz Darbar,,6,Baingan Bharta Angaara Shahi,,Smoked mashed brinjal with rustic flavours,
The Rajputana Bharwan & Subz Darbar,,7,Tawa Subz Rajwada Angaara,,Griddle tossed vegetables with bold spices,
The Rajputana Bharwan & Subz Darbar,,8,Bharwan Shimla Mirch Darbar,,Stuffed capsicum with spiced filling,
The Rajputana Bharwan & Subz Darbar,,9,Bharwan Baingan Rajsi Vilas,,Stuffed baby brinjal in rich masala,
The Rajputana Bharwan & Subz Darbar,,10,Bharwan Tamatar Anardana Khaas,,Stuffed tomatoes with tangy pomegranate twist,
The Rajputana Bharwan & Subz Darbar,,11,Bharwan Tinda Rajwada,,Stuffed apple gourd with spiced filling,
The Rajputana Bharwan & Subz Darbar,,12,Arbi Masala Rajputana,,Colocasia in traditional spiced gravy,
The Rajputana Bharwan & Subz Darbar,,13,Arbi Methi Malai Darbar,,Colocasia with fenugreek in creamy base,
The Rajputana Bharwan & Subz Darbar,,14,Arbi Adraki Lahsun Tadka,,Colocasia tempered with ginger garlic,
The Rajputana Bharwan & Subz Darbar,,15,Baingan Bharta Rajwada Rasoi,,Classic smoked brinjal mash with royal finish,
The Rajputana Bharwan & Subz Darbar,,16,Baingan Kaju Khazana Shahi,,Brinjal in cashew rich gravy,
The Rajputana Bharwan & Subz Darbar,,17,Baingan Achari Rajputana,,Pickle-spiced brinjal with tangy flavours,
The Rajputana Bharwan & Subz Darbar,,18,Baingan Hariyali Angaara,,Brinjal in green herb based masala,
The Rajputana Bharwan & Subz Darbar,,19,Tawa Paneer Subz Vilas,,Paneer and vegetables tossed on tawa with spices,
The Rajputana Bharwan & Subz Darbar,,20,Tawa Mushroom Angaara,,Mushrooms tossed with smoky spices,
The Rajputana Bharwan & Subz Darbar,,21,Tawa Corn Palak Khaas,,Corn and spinach tossed on griddle,
The Rajputana Bharwan & Subz Darbar,,22,Tawa Aloo Mirch Rajwada,,Potatoes and chillies in bold tawa masala,
The Rajputana Bharwan & Subz Darbar,,23,Karela Pyaz Masala Rajsi,,Bitter gourd with onions in rich spiced gravy,
The Rajputana Bharwan & Subz Darbar,,24,Karela Achari Shahi,,Pickle flavoured bitter gourd delicacy,
The Rajputana Bharwan & Subz Darbar,,25,Karela Bharwan Khoya Vilas,,Stuffed karela with khoya and spices,
Live Vegetable Station,,1,Karela / Bhindi / Tinda / Parwal / Arbi / Methi / French Beans,,Seasonal vegetables cooked live — customised live vegetable preparations,
The Exotic Subz Indulgence,,1,Zucchini Malai Zafran Vilas,,Zucchini in saffron-infused creamy gravy,
The Exotic Subz Indulgence,,2,Asparagus Badami Shahi,,Tender asparagus in almond-rich gravy,
The Exotic Subz Indulgence,,3,Broccoli Makhmali Darbar,,Broccoli in smooth velvety cream sauce,
The Exotic Subz Indulgence,,4,Avocado Subz Nazakat,,Avocado in light spiced creamy preparation,
The Exotic Subz Indulgence,,5,Baby Corn Kaju Khazana,,Baby corn in cashew-based rich gravy,
The Exotic Subz Indulgence,,6,Lotus Stem Angaara Masala,,Crispy lotus stem in bold spiced glaze,
The Exotic Subz Indulgence,,7,Kamal Kakdi Methi Malai Rajsi,,Lotus stem with fenugreek in creamy gravy,
The Exotic Subz Indulgence,,8,Artichoke Dilpasand Shahi,,Exotic artichokes in rich aromatic sauce,
The Exotic Subz Indulgence,,9,Edamame Hariyali Vilas,,Edamame beans in green herb gravy,
The Exotic Subz Indulgence,,10,Purple Cabbage Subz Royale,,Purple cabbage in mildly spiced buttery base,
The Exotic Subz Indulgence,,11,Wild Mushroom Truffle Shahi Rasoi,,Exotic mushrooms with truffle essence,
The Exotic Subz Indulgence,,12,Button Mushroom Zafrani Khazana,,Mushrooms in saffron infused gravy,
The Exotic Subz Indulgence,,13,Portobello Angaara Darbar,,Grilled portobello in smoky masala,
The Exotic Subz Indulgence,,14,Baby Potato Herb Butter Vilas,,Mini potatoes tossed in herbed butter,
The Exotic Subz Indulgence,,15,Sweet Potato Anardana Khaas,,Sweet potato with tangy pomegranate glaze,
The Exotic Subz Indulgence,,16,Bok Choy Til Badami Fusion,,Asian greens in sesame almond sauce,
The Exotic Subz Indulgence,,17,Grilled Mediterranean Subz Platter Rajwada,,"Zucchini, peppers, herbs grilled to perfection",
The Exotic Subz Indulgence,,18,Stuffed Zucchini Boats Shahi,,Zucchini stuffed with rich spiced filling,
The Exotic Subz Indulgence,,19,Quinoa Stuffed Bell Peppers Vilas,,Bell peppers filled with quinoa and herbs,
The Exotic Subz Indulgence,,20,Cottage Cheese Spinach Roulade Rajsi,,Rolled paneer and spinach delicacy,
The Rajputana Dal & Kadhi Darbar,Premium Dal Creations,1,Dal Baati Panchmel Rajwada,,Classic five lentil dal with Rajasthani essence,
The Rajputana Dal & Kadhi Darbar,Premium Dal Creations,2,Shahi Dal Makhani Darbari,,Black lentils slow-cooked with butter and cream,
The Rajputana Dal & Kadhi Darbar,Premium Dal Creations,3,Dal Bukhara Vilas,,Overnight simmered dal with rich smoky flavour,
The Rajputana Dal & Kadhi Darbar,Premium Dal Creations,4,Rajsi Yellow Dal Tadka,,Arhar dal tempered with ghee and spices,
The Rajputana Dal & Kadhi Darbar,Premium Dal Creations,5,Moong Dal Chilka Rajputana,,Split green gram in light spiced gravy,
The Rajputana Dal & Kadhi Darbar,Premium Dal Creations,6,Dal Panchratna Shahi Khazana,,Five lentils cooked together in royal spices,
The Rajputana Dal & Kadhi Darbar,Premium Dal Creations,7,Dal Lahsunia Teekha Rasoi,,Garlic tempered spicy lentil curry,
The Rajputana Dal & Kadhi Darbar,Premium Dal Creations,8,Dal Zafrani Vilas,,Saffron infused rich lentil preparation,
The Rajputana Dal & Kadhi Darbar,Premium Dal Creations,9,Dal Methi Malai Darbar,,Fenugreek flavoured creamy lentils,
The Rajputana Dal & Kadhi Darbar,Premium Dal Creations,10,Dal Kaju Kishmish Shahi,,Lentils enriched with cashew and raisins,
The Rajputana Dal & Kadhi Darbar,Premium Dal Creations,11,Dal Adraki Hing Tadka,,Ginger and asafoetida tempered dal,
The Rajputana Dal & Kadhi Darbar,Premium Dal Creations,12,Dal Subz Miloni Rajsi,,Lentils cooked with seasonal vegetables,
The Rajputana Dal & Kadhi Darbar,Premium Dal Creations,13,Dal Palak Noorani,,Spinach blended lentils in smooth gravy,
The Rajputana Dal & Kadhi Darbar,Premium Dal Creations,14,Dal Badami Khazana,,Almond enriched creamy dal,
The Rajputana Dal & Kadhi Darbar,Premium Dal Creations,15,Dal Dum Handi Rajwada,,Slow-cooked lentils in sealed handi,
The Rajputana Dal & Kadhi Darbar,Heritage Kadhi Selection,1,Rajasthani Kadhi Pakoda Darbar,,Traditional kadhi with gram flour dumplings,
The Rajputana Dal & Kadhi Darbar,Heritage Kadhi Selection,2,Kadhi Mangodi Rajputana,,Kadhi with lentil dumplings,
The Rajputana Dal & Kadhi Darbar,Heritage Kadhi Selection,3,Kadhi Gatta Shahi Rasoi,,Kadhi with gatta pieces in royal style,
The Rajputana Dal & Kadhi Darbar,Heritage Kadhi Selection,4,Kadhi Lahsunia Teekha,,Garlic flavoured spicy kadhi,
The Rajputana Dal & Kadhi Darbar,Heritage Kadhi Selection,5,Kadhi Methi Pakoda Vilas,,Fenugreek pakoda kadhi with rich flavour,
The Rajputana Dal & Kadhi Darbar,Heritage Kadhi Selection,6,Kadhi Zafrani Khazana,,Saffron infused kadhi delicacy,
The Rajputana Dal & Kadhi Darbar,Heritage Kadhi Selection,7,Kadhi Palak Noorani,,Spinach infused smooth kadhi,
The Rajputana Dal & Kadhi Darbar,Heritage Kadhi Selection,8,Kadhi Subz Miloni Rajsi,,Kadhi with mixed vegetables,
The Rajputana Dal & Kadhi Darbar,Heritage Kadhi Selection,9,Kadhi Mirch Rajputana Angaara,,Spicy chilli kadhi in bold style,
The Rajputana Dal & Kadhi Darbar,Heritage Kadhi Selection,10,Kadhi Hing Jeera Rasoi,,Cumin and asafoetida tempered kadhi,
The Rajputana Dal & Kadhi Darbar,Heritage Kadhi Selection,11,Kadhi Boondi Darbari,,Kadhi with soft boondi pearls,
The Rajputana Dal & Kadhi Darbar,Heritage Kadhi Selection,12,Kadhi Kaju Kishmish Shahi,,Kadhi enriched with dry fruits,
The Rajputana Dal & Kadhi Darbar,Heritage Kadhi Selection,13,Kadhi Tamatar Khatti Meethi,,Tangy sweet tomato kadhi,
The Rajputana Dal & Kadhi Darbar,Heritage Kadhi Selection,14,Kadhi Pudina Vilas,,Mint flavoured refreshing kadhi,
The Rajputana Dal & Kadhi Darbar,Heritage Kadhi Selection,15,Kadhi Adraki Rasoi Shahi,,Ginger infused kadhi with aromatic spices,
The Shahi Mithai Khazana,,1,Kaju Katli Rajsi Vilas,,Silky cashew fudge crafted to perfection,
The Shahi Mithai Khazana,,2,Pista Barfi Darbari Delight,,Smooth pistachio fudge with rich flavour,
The Shahi Mithai Khazana,,3,Anjeer Dry Fruit Barfi Khazana,,Fig-based mithai enriched with premium nuts,
The Shahi Mithai Khazana,,4,Badam Katli Shahi Rasoi,,Almond fudge with delicate sweetness,
The Shahi Mithai Khazana,,5,Kesar Peda Rajwada,,Milk peda infused with saffron aroma,
The Shahi Mithai Khazana,,6,Mathura Peda Rajsi Khaas,,Traditional khoya peda with rich texture,
The Shahi Mithai Khazana,,7,Doodh Barfi Shahi Vilas,,Classic milk fudge with smooth finish,
The Shahi Mithai Khazana,,8,Chocolate Barfi Fusion Rajsi,,Modern chocolate-infused Indian fudge,
The Shahi Mithai Khazana,,9,Coconut Barfi Darbari,,Soft coconut fudge with mild sweetness,
The Shahi Mithai Khazana,,10,Rose Petal Barfi Rajputana,,Fragrant gulkand infused sweet delicacy,
The Shahi Mithai Khazana,,11,Motichoor Ladoo Rajwada,,Fine boondi laddoos with rich ghee flavour,
The Shahi Mithai Khazana,,12,Besan Ladoo Shahi Khazana,,Roasted gram flour laddoos with nutty aroma,
The Shahi Mithai Khazana,,13,Dry Fruit Ladoo Rajsi Vilas,,Nutrient-rich laddoos loaded with premium dry fruits,
The Shahi Mithai Khazana,,14,Atta Ladoo Darbari Rasoi,,Whole wheat laddoos with traditional richness,
The Shahi Mithai Khazana,,15,Til Gur Ladoo Rajputana,,Sesame and jaggery laddoos with rustic sweetness,
The Shahi Mithai Khazana,,16,Churma Ladoo Rajsi Khazana,,Classic Rajasthani wheat crumble laddoos,
The Shahi Mithai Khazana,,17,Meva Bati Shahi Vilas,,Stuffed sweet bati filled with dry fruits,
The Shahi Mithai Khazana,,18,Balushahi Darbari Delight,,Flaky layered sweet soaked in light syrup,
The Shahi Mithai Khazana,,19,Imarti Shahi Crunch,,Crisp traditional sweet with saffron glaze,
The Shahi Mithai Khazana,,20,Mawa Kachori Rajwada,,Stuffed khoya kachori with rich filling,
The Shahi Mithai Khazana,,21,Dry Fruit Roll Rajsi Khazana,,Assorted nuts rolled into rich mithai logs,
The Shahi Mithai Khazana,,22,Kaju Pista Roll Darbari,,Cashew and pistachio layered sweet rolls,
The Shahi Mithai Khazana,,23,Paan Ladoo Shahi Vilas,,Refreshing betel-flavoured laddoos,
The Shahi Mithai Khazana,,24,Gond Ladoo Rajputana,,Edible gum laddoos with rich traditional taste,
The Shahi Mithai Khazana,,25,Mysore Pak Shahi Rasoi,,Soft ghee-rich gram flour sweet,
The Shahi Mithai Khazana,,26,Soan Papdi Rajsi Delight,,Flaky layered sweet with light texture,
The Shahi Mithai Khazana,,27,Kesar Soan Papdi Darbari,,Saffron infused flaky sweet delicacy,
The Shahi Mithai Khazana,,28,Patisa Khazana Shahi,,Rich flaky sweet with melt-in-mouth texture,
The Shahi Mithai Khazana,,29,Kaju Anjeer Roll Rajsi,,Cashew and fig layered premium mithai,
The Shahi Mithai Khazana,,30,Badam Pista Ladoo Darbari,,Nut-rich laddoos with royal flavour,
The Shai Live Mithai Rasoi,,1,Malpua Rabdi Rajsi Vilas,,Soft saffron malpua served with rich rabdi,
The Shai Live Mithai Rasoi,,2,Ghewar Rabdi Shahi Angan,,Crisp ghewar topped with chilled rabdi,
The Shai Live Mithai Rasoi,,3,Balushahi Garma Garam Darbar,,Flaky warm balushahi dipped in light syrup,
The Shai Live Mithai Rasoi,,4,Imarti Rabdi Rajwada,,Hot imarti paired with creamy rabdi,
The Shai Live Mithai Rasoi,,5,Gajar Halwa Shahi Kadai,,Fresh carrot halwa slow-cooked in ghee,
The Shai Live Mithai Rasoi,,6,Atta Halwa Rajputana Rasoi,,Whole wheat halwa with ghee richness,
The Shai Live Mithai Rasoi,,7,Badam Halwa Zafrani Khazana,,Almond halwa infused with saffron,
The Shai Live Mithai Rasoi,,8,Anjeer Halwa Shahi Vilas,,Fig-based halwa with dry fruit richness,
The Shai Live Mithai Rasoi,,9,Kaju Halwa Darbari Delight,,Cashew halwa with smooth texture,
The Shai Live Mithai Rasoi,,10,Pista Halwa Rajsi Indulgence,,Pistachio halwa with rich flavour,
The Shai Live Mithai Rasoi,,11,Chocolate Jalebi Fusion Shahi,,Crispy jalebi with chocolate drizzle,
The Shai Live Mithai Rasoi,,12,Gur Jalebi Desi Khaas,,Jaggery-based jalebi with rustic sweetness,
The Shai Live Mithai Rasoi,,13,Rabdi Jalebi Royal Platter,,Hot jalebi served with thick rabdi,
The Shai Live Mithai Rasoi,,14,Paneer Jalebi Shahi Twist,,Soft paneer jalebi with syrup glaze,
The Shai Live Mithai Rasoi,,15,Malai Ghewar Live Rajwada,,Fresh ghewar assembled with malai topping,
The Shai Live Mithai Rasoi,,16,Stuffed Gulab Jamun Khazana,,Gulab jamun filled with dry fruits,
The Shai Live Mithai Rasoi,,17,Kesar Gulab Jamun Rajsi,,Saffron flavoured gulab jamun,
The Shai Live Mithai Rasoi,,18,Rabdi Gulab Jamun Darbar,,Gulab jamun served with rabdi topping,
The Shai Live Mithai Rasoi,,19,Mini Malpua Shot Vilas,,Bite-sized malpua with rabdi drizzle,
The Shai Live Mithai Rasoi,,20,Shahi Tukda Zafrani Rasoi,,Fried bread dessert soaked in saffron milk,
The Shai Live Mithai Rasoi,,21,Double Ka Meetha Darbari,,Hyderabadi bread pudding with nuts,
The Shai Live Mithai Rasoi,,22,Kesar Phirni Live Handi,,Freshly set saffron phirni in earthen pots,
The Shai Live Mithai Rasoi,,23,Rabdi Malai Khazana Shahi,,Thickened milk dessert served fresh,
The Shai Live Mithai Rasoi,,24,Doodh Jalebi Rajputana Fusion,,Jalebi dipped in hot milk,
The Shai Live Mithai Rasoi,,25,Gond Halwa Rajwada Vilas,,Traditional edible gum halwa with ghee,
The Shai Live Mithai Rasoi,,26,Singhare Halwa Shahi Rasoi,,Water chestnut flour halwa,
The Shai Live Mithai Rasoi,,27,Makhan Mishri Darbari Delight,,Sweetened butter with sugar crystals,
The Shai Live Mithai Rasoi,,28,Til Gur Halwa Rajsi,,Sesame and jaggery halwa with rustic touch,
The Shai Live Mithai Rasoi,,29,Dry Fruit Halwa Khazana Shahi,,Mixed dry fruit halwa rich in flavour,
The Shai Live Mithai Rasoi,,30,Mewa Malpua Royal Indulgence,,Malpua loaded with dry fruits and rabdi,
The Royal Sweet Connoisseur's Collection,,1,Chocolate Motichoor Ladoo Rajsi Fusion,,Classic motichoor infused with rich chocolate notes,
The Royal Sweet Connoisseur's Collection,,2,Belgian Chocolate Barfi Darbari,,Silky chocolate fudge with Indian mithai texture,
The Royal Sweet Connoisseur's Collection,,3,Chocolate Peda Shahi Indulgence,,Milk peda blended with premium cocoa,
The Royal Sweet Connoisseur's Collection,,4,Chocolate Ghewar Vilas,,Crisp ghewar layered with chocolate glaze,
The Royal Sweet Connoisseur's Collection,,5,Nutella Ladoo Rajwada Delight,,Hazelnut chocolate laddoos with Indian twist,
The Royal Sweet Connoisseur's Collection,,6,Chocolate Kaju Katli Royale,,Cashew fudge enhanced with chocolate layering,
The Royal Sweet Connoisseur's Collection,,7,Choco Anjeer Barfi Khazana,,Fig mithai infused with chocolate richness,
The Royal Sweet Connoisseur's Collection,,8,Brownie Barfi Rajsi Treat,,Fudge brownie styled Indian sweet,
The Royal Sweet Connoisseur's Collection,,9,Chocolate Mysore Pak Darbari,,Traditional Mysore pak with cocoa twist,
The Royal Sweet Connoisseur's Collection,,10,Chocolate Soan Papdi Fusion,,Flaky sweet infused with chocolate flavour,
The Royal Sweet Connoisseur's Collection,,11,Strawberry Pista Barfi Rajsi,,Pistachio fudge with strawberry infusion,
The Royal Sweet Connoisseur's Collection,,12,Mango Kalakand Shahi Vilas,,Milk sweet blended with mango pulp,
The Royal Sweet Connoisseur's Collection,,13,Blueberry Barfi Darbari Delight,,Berry-infused milk fudge,
The Royal Sweet Connoisseur's Collection,,14,Orange Zest Kaju Katli Rajwada,,Cashew sweet with citrus notes,
The Royal Sweet Connoisseur's Collection,,15,Pineapple Coconut Barfi Khazana,,Tropical flavours in soft mithai,
The Royal Sweet Connoisseur's Collection,,16,Anjeer Walnut Fusion Roll Rajsi,,Fig and walnut layered mithai roll,
The Royal Sweet Connoisseur's Collection,,17,Rose Gulkand Ladoo Shahi,,Fragrant rose petal laddoos,
The Royal Sweet Connoisseur's Collection,,18,Paan Chocolate Ladoo Darbar,,Paan flavoured laddoos with chocolate twist,
The Royal Sweet Connoisseur's Collection,,19,Dry Fruit Berry Delight Barfi,,Mixed berries with dry fruit mithai,
The Royal Sweet Connoisseur's Collection,,20,Apple Cinnamon Halwa Fusion Rajsi,,Apple halwa with warm spice notes,
The Royal Sweet Connoisseur's Collection,,21,Rasmalai Cheesecake Bites Shahi,,Cheesecake inspired mithai with rasmalai flavour,
The Royal Sweet Connoisseur's Collection,,22,Gulab Jamun Cheesecake Rajsi,,Fusion of gulab jamun and creamy cheesecake,
The Royal Sweet Connoisseur's Collection,,23,Motichoor Ladoo Cheesecake Vilas,,Layered dessert with motichoor base,
The Royal Sweet Connoisseur's Collection,,24,Rabdi Tres Leches Darbari,,Milk cake soaked in rabdi style syrup,
The Royal Sweet Connoisseur's Collection,,25,Kalakand Cheesecake Khazana,,Milk sweet meets cheesecake texture,
The Royal Sweet Connoisseur's Collection,,26,Paan Mousse Mithai Cups Rajwada,,Paan flavoured mousse in mithai form,
The Royal Sweet Connoisseur's Collection,,27,Kesar Phirni Tartlets Shahi,,Phirni served in tart shells,
The Royal Sweet Connoisseur's Collection,,28,Ghewar Cheesecake Rajsi Delight,,Crisp ghewar with creamy cheesecake topping,
The Royal Sweet Connoisseur's Collection,,29,Malai Sandwich Fusion Vilas,,Layered milk sweet with cream filling,
The Royal Sweet Connoisseur's Collection,,30,Rabdi Parfait Royal Indulgence,,Layered dessert with rabdi and textures,
The Royal Sweet Connoisseur's Collection,,31,Gold Dust Dry Fruit Ladoo Rajsi,,Luxury laddoos with edible gold finish,
The Royal Sweet Connoisseur's Collection,,32,Pista Anjeer Katli Shahi Khazana,,Fig and pistachio layered katli,
The Royal Sweet Connoisseur's Collection,,33,Kaju Paan Roll Darbari Delight,,Cashew roll with paan flavoured core,
The Royal Sweet Connoisseur's Collection,,34,Badam Chocolate Crunch Vilas,,Almond mithai with crunchy chocolate,
The Royal Sweet Connoisseur's Collection,,35,Luxury Nut Truffle Mithai Rajwada,,Dry fruit truffles with Indian flavours,
The Royal Sweet Connoisseur's Collection,,36,Kaju Cranberry Fusion Barfi Rajsi,,Cashew fudge with cranberry twist,
The Royal Sweet Connoisseur's Collection,,37,Pista Rose Delight Darbari,,Pistachio mithai with rose flavour,
The Royal Sweet Connoisseur's Collection,,38,Dry Fruit Baklava Mithai Rajputana,,Indian take on baklava with desi flavours,
The Royal Sweet Connoisseur's Collection,,39,Dates Nut Fusion Ladoo Shahi,,Date-based laddoos with premium nuts,
The Royal Sweet Connoisseur's Collection,,40,Kaju Coffee Fusion Katli Vilas,,Cashew fudge with coffee infusion,
The Royal Sweet Connoisseur's Collection,,41,Mithai Bon Bons Rajsi Collection,,Chocolate-coated mithai spheres,
The Royal Sweet Connoisseur's Collection,,42,Mini Mithai Petit Fours Shahi,,Bite-sized luxury mithai assortment,
The Royal Sweet Connoisseur's Collection,,43,Mithai Macaron Fusion Darbar,,Macarons with Indian sweet fillings,
The Royal Sweet Connoisseur's Collection,,44,Kesar White Chocolate Truffles Rajwada,,Truffles infused with saffron,
The Royal Sweet Connoisseur's Collection,,45,Paan Chocolate Bonbons Vilas,,Chocolate shells filled with paan mixture,
The Royal Sweet Connoisseur's Collection,,46,Rabdi Chocolate Cups Rajsi Delight,,Chocolate cups filled with rabdi,
The Royal Sweet Connoisseur's Collection,,47,Motichoor Ladoo Crumble Shots Shahi,,Layered dessert with motichoor texture,
The Royal Sweet Connoisseur's Collection,,48,Mithai Mille-Feuille Fusion Rajwada,,Layered pastry with Indian sweet flavours,
The Royal Sweet Connoisseur's Collection,,49,Kaju Pistachio Opera Mithai Darbari,,Layered mithai inspired by opera cake,
The Royal Sweet Connoisseur's Collection,,50,Royal Mithai Platter Deconstructed Vilas,,Modern presentation of classic mithais,
International Patisserie Studio,,1,Classic Tiramisu,,Coffee layered mascarpone dessert,
International Patisserie Studio,,2,Opera Pastry,,Chocolate & coffee layered cake,
International Patisserie Studio,,3,Blueberry Cheesecake,,Baked cheesecake with berry compote,
International Patisserie Studio,,4,New York Cheesecake,,Classic creamy cheesecake,
International Patisserie Studio,,5,Chocolate Truffle Gateau,,Rich chocolate cake,
International Patisserie Studio,,6,Red Velvet Slice,,Soft cocoa cake with cream cheese frosting,
International Patisserie Studio,,7,Ferrero Rocher Cake,,Hazelnut chocolate indulgence,
International Patisserie Studio,,8,Black Forest Gateau,,Chocolate cake with cherries & cream,
International Patisserie Studio,,9,Fruit Gateau,,Light sponge with fresh fruits,
Petit Desserts & Mini Indulgences,,1,Chocolate Mousse Cups,,Smooth chocolate mousse,
Petit Desserts & Mini Indulgences,,2,Panna Cotta,,Italian vanilla cream dessert,
Petit Desserts & Mini Indulgences,,3,Crème Brûlée,,Custard with caramelised sugar top,
Petit Desserts & Mini Indulgences,,4,Macarons Selection,,French almond cookies in flavours,
Petit Desserts & Mini Indulgences,,5,Éclairs,,Choux pastry filled with cream,
Petit Desserts & Mini Indulgences,,6,Mini Tartlets,,Fruit & chocolate filled tarts,
Petit Desserts & Mini Indulgences,,7,Dessert Verrines,,Layered glass desserts,
Ice Cream & Gelato Bar,,1,Vanilla Bean Ice Cream,,Classic vanilla flavour,
Ice Cream & Gelato Bar,,2,Belgian Chocolate Ice Cream,,Rich chocolate,
Ice Cream & Gelato Bar,,3,Strawberry Cream Ice Cream,,Fresh strawberry flavour,
Ice Cream & Gelato Bar,,4,Butterscotch Crunch,,Caramel & praline,
Ice Cream & Gelato Bar,,5,Paan Ice Cream,,Indian paan flavoured,
Ice Cream & Gelato Bar,,6,Sitaphal Ice Cream,,Seasonal custard apple,
Ice Cream & Gelato Bar,,7,Gelato Selection,,Italian-style dense ice creams,
Live Dessert Experience Counters,,1,Chocolate Fountain Station,,Flowing chocolate with dips,
Live Dessert Experience Counters,,2,Waffle & Pancake Bar,,Fresh waffles with toppings,
Live Dessert Experience Counters,,3,Crepe Live Station,,Thin pancakes with fillings,
Live Dessert Experience Counters,,4,Nitrogen Ice Cream,,Instant frozen desserts,
Live Dessert Experience Counters,,5,Kulfi Live Station,,Traditional Indian ice cream,
Royal Beverage Pairing (Dessert Drinks),,1,Kesariya Thandai,,Saffron infused milk drink,
Royal Beverage Pairing (Dessert Drinks),,2,Rose Milk Delight,,Chilled rose flavoured milk,
Royal Beverage Pairing (Dessert Drinks),,3,Badam Milk,,Almond enriched milk,
Royal Beverage Pairing (Dessert Drinks),,4,Hot Chocolate,,Rich cocoa beverage,